AnnotatorID,NumTweetsAnnotated,NumAnnotations,HateSpeech_Count,Offensive_Count,Neutral_Count,Ethnicity,Age,Education,Party,EnglishFirst
5,50,50,17,20,13,White,42.0,2.0,3.0,1.0
6,50,50,32,7,11,White,20.0,2.0,2.0,1.0
7,50,50,20,22,8,Hispanic,19.0,3.0,2.0,2.0
8,50,50,15,18,17,White,22.0,2.0,2.0,1.0
9,50,50,21,2,27,White,27.0,6.0,2.0,1.0
10,50,50,10,22,18,White,43.0,5.0,3.0,1.0
11,50,50,12,12,26,White,32.0,4.0,2.0,1.0
12,50,50,15,4,31,White,68.0,2.0,2.0,1.0
13,50,50,16,18,16,Hispanic,23.0,3.0,2.0,1.0
14,50,50,18,19,13,Hispanic,20.0,3.0,2.0,1.0
15,50,50,15,18,17,White,82.0,3.0,2.0,1.0
16,50,50,20,16,14,Sth else,25.0,5.0,3.0,1.0
17,50,50,12,19,19,Sth else,27.0,4.0,3.0,1.0
18,50,50,20,15,15,White,20.0,3.0,2.0,1.0
19,50,50,14,21,15,White,32.0,4.0,2.0,1.0
20,50,50,3,22,25,White,19.0,3.0,2.0,1.0
21,50,50,9,17,24,Afr american,34.0,5.0,2.0,1.0
22,50,50,12,9,29,White,72.0,2.0,1.0,1.0
23,50,50,23,4,23,White,66.0,4.0,1.0,1.0
24,50,50,8,25,17,White,24.0,4.0,3.0,1.0
25,50,50,13,17,20,Asian,25.0,3.0,2.0,1.0
26,50,50,16,11,23,White,24.0,2.0,2.0,1.0
27,50,50,12,20,18,White,22.0,4.0,3.0,1.0
28,50,50,12,23,15,White,63.0,5.0,3.0,1.0
29,50,50,8,25,17,Afr american,33.0,4.0,3.0,1.0
30,50,50,8,15,27,White,33.0,3.0,3.0,1.0
31,50,50,8,25,17,White,52.0,4.0,3.0,1.0
32,50,50,16,13,21,White,29.0,4.0,2.0,1.0
33,50,50,13,16,21,White,27.0,5.0,2.0,1.0
34,50,50,31,8,11,White,40.0,4.0,2.0,1.0
35,50,50,30,7,13,White,21.0,3.0,2.0,1.0
36,50,50,15,20,15,White,19.0,2.0,1.0,1.0
37,50,50,9,24,17,White,30.0,3.0,3.0,1.0
38,50,50,23,11,16,White,29.0,3.0,2.0,1.0
39,50,50,8,28,14,Hispanic,55.0,3.0,3.0,1.0
40,50,50,6,21,23,White,22.0,4.0,1.0,1.0
41,50,50,20,15,15,White,30.0,4.0,2.0,1.0
42,50,50,2,13,35,White,64.0,2.0,1.0,1.0
43,50,50,5,25,20,White,43.0,4.0,2.0,1.0
44,50,50,18,18,14,White,61.0,3.0,2.0,1.0
45,50,50,11,21,18,Hispanic,38.0,4.0,1.0,2.0
46,7,7,3,1,3,Prefer not to say,,,,
47,50,50,6,31,13,White,65.0,3.0,2.0,1.0
48,50,50,18,5,27,Afr american,65.0,4.0,3.0,1.0
49,50,50,16,17,17,Hispanic,37.0,2.0,1.0,1.0
50,50,50,11,23,16,Sth else,25.0,1.0,3.0,1.0
51,50,50,12,14,24,White,47.0,4.0,2.0,1.0
52,50,50,13,20,17,Asian,35.0,4.0,2.0,2.0
53,50,50,15,8,27,White,37.0,6.0,2.0,1.0
55,50,50,25,5,20,Asian,27.0,4.0,2.0,1.0
56,50,50,7,17,26,Afr american,27.0,5.0,2.0,1.0
57,50,50,10,20,20,Afr american,20.0,2.0,2.0,1.0
58,50,50,10,23,17,White,21.0,2.0,3.0,1.0
59,50,50,5,28,17,White,33.0,4.0,1.0,1.0
60,50,50,8,23,19,Asian,36.0,4.0,3.0,2.0
61,50,50,13,16,21,White,24.0,4.0,3.0,1.0
62,50,50,10,8,32,White,27.0,2.0,3.0,1.0
63,50,50,13,17,20,White,33.0,4.0,1.0,1.0
64,50,50,2,10,38,White,49.0,4.0,1.0,1.0
65,50,50,21,7,22,White,27.0,5.0,2.0,1.0
66,50,50,10,18,22,White,53.0,2.0,2.0,2.0
67,50,50,25,6,19,Hispanic,37.0,4.0,2.0,1.0
68,50,50,22,16,12,White,57.0,4.0,2.0,1.0
69,50,50,11,16,23,Hispanic,42.0,3.0,2.0,1.0
70,50,50,8,20,22,White,26.0,4.0,3.0,1.0
71,50,50,11,24,15,White,27.0,4.0,2.0,1.0
72,50,50,11,27,12,White,48.0,4.0,2.0,1.0
73,50,50,7,19,24,Sth else,32.0,3.0,2.0,1.0
74,50,50,11,15,24,White,55.0,4.0,1.0,1.0
75,50,50,19,10,21,Afr american,34.0,4.0,3.0,1.0
76,50,50,14,10,26,Hispanic,22.0,2.0,2.0,1.0
77,50,50,21,13,16,White,45.0,3.0,1.0,1.0
78,50,50,20,11,19,White,54.0,4.0,2.0,1.0
79,50,50,17,16,17,White,39.0,4.0,3.0,1.0
80,50,50,9,22,19,Afr american,31.0,4.0,3.0,1.0
81,50,50,10,2,38,White,25.0,3.0,2.0,1.0
82,50,50,11,15,24,White,47.0,2.0,2.0,1.0
83,50,50,13,16,21,White,27.0,4.0,2.0,1.0
84,50,50,3,25,22,White,36.0,5.0,2.0,1.0
85,50,50,16,12,22,White,47.0,4.0,3.0,1.0
86,50,50,14,15,21,Hispanic,31.0,4.0,3.0,1.0
87,50,50,0,30,20,White,66.0,5.0,3.0,1.0
88,50,50,19,18,13,White,48.0,4.0,2.0,1.0
89,50,50,4,24,22,White,32.0,2.0,,1.0
90,50,50,10,17,23,Afr american,36.0,3.0,3.0,1.0
91,50,50,8,22,20,White,34.0,4.0,2.0,1.0
92,50,50,19,0,31,White,27.0,4.0,2.0,1.0
93,50,50,6,28,16,Asian,26.0,4.0,2.0,1.0
94,50,50,12,18,20,White,50.0,4.0,2.0,1.0
95,50,50,36,2,12,White,40.0,4.0,2.0,1.0
96,50,50,9,13,28,White,52.0,4.0,3.0,1.0
97,50,50,9,23,18,White,61.0,4.0,2.0,1.0
98,50,50,10,21,19,Sth else,52.0,3.0,3.0,1.0
99,50,50,9,17,24,White,34.0,4.0,2.0,1.0
100,50,50,18,14,18,White,29.0,3.0,3.0,1.0
101,50,50,6,18,26,Asian,20.0,3.0,3.0,1.0
103,50,50,5,21,24,White,29.0,5.0,1.0,1.0
104,50,50,23,13,14,Afr american,30.0,6.0,2.0,1.0
105,50,50,15,17,18,Afr american,32.0,4.0,2.0,1.0
106,50,50,17,12,21,White,46.0,4.0,1.0,1.0
107,50,50,16,21,13,Asian,66.0,5.0,2.0,2.0
108,4,4,3,0,1,Prefer not to say,,,,
109,50,50,3,10,37,White,62.0,3.0,3.0,1.0
110,50,50,19,11,20,White,20.0,2.0,2.0,1.0
111,50,50,6,22,22,Afr american,28.0,4.0,3.0,1.0
112,50,50,5,23,22,White,34.0,4.0,2.0,1.0
113,50,50,19,0,31,White,26.0,4.0,2.0,1.0
114,50,50,10,26,14,White,31.0,3.0,3.0,1.0
115,50,50,30,0,20,White,57.0,4.0,2.0,1.0
116,50,50,10,13,27,White,22.0,4.0,3.0,1.0
117,50,50,7,19,24,White,26.0,4.0,3.0,1.0
118,50,50,28,3,19,White,40.0,3.0,2.0,1.0
119,50,50,20,18,12,White,42.0,5.0,2.0,1.0
120,50,50,18,24,8,Afr american,31.0,2.0,2.0,1.0
121,50,50,8,18,24,White,42.0,5.0,2.0,1.0
123,50,50,14,12,24,White,50.0,4.0,2.0,1.0
124,50,50,9,22,19,White,60.0,4.0,1.0,1.0
125,50,50,13,14,23,White,71.0,3.0,2.0,1.0
126,50,50,9,19,22,Hispanic,51.0,4.0,3.0,2.0
127,50,50,25,14,11,Asian,36.0,4.0,2.0,1.0
128,50,50,19,5,26,Afr american,34.0,2.0,2.0,1.0
129,50,50,14,25,11,White,34.0,3.0,2.0,1.0
130,50,50,14,22,14,Hispanic,30.0,3.0,3.0,1.0
131,50,50,12,12,26,Hispanic,52.0,4.0,2.0,1.0
132,50,50,11,22,17,White,40.0,1.0,2.0,1.0
133,50,50,21,14,15,White,40.0,4.0,2.0,1.0
134,50,50,10,15,25,White,51.0,4.0,1.0,1.0
135,50,50,13,8,29,White,60.0,4.0,2.0,1.0
136,50,50,14,13,23,White,63.0,4.0,3.0,1.0
137,50,50,16,9,25,White,41.0,3.0,3.0,1.0
138,50,50,3,23,24,White,35.0,3.0,3.0,1.0
139,50,50,32,1,17,White,71.0,3.0,3.0,1.0
140,50,50,13,16,21,White,43.0,3.0,2.0,1.0
141,50,50,11,23,16,White,64.0,5.0,2.0,1.0
142,50,50,11,18,21,White,29.0,4.0,2.0,1.0
143,50,50,10,19,21,White,58.0,4.0,3.0,1.0
144,50,50,12,20,18,White,39.0,2.0,2.0,1.0
145,50,50,9,30,11,White,38.0,2.0,1.0,1.0
146,50,50,14,18,18,Hispanic,45.0,4.0,2.0,1.0
147,50,50,20,16,14,Asian,32.0,4.0,2.0,1.0
148,50,50,2,23,25,White,27.0,2.0,2.0,1.0
149,50,50,16,19,15,White,29.0,4.0,2.0,1.0
150,50,50,13,20,17,White,32.0,3.0,2.0,1.0
151,50,50,13,17,20,White,53.0,4.0,3.0,1.0
152,50,50,5,25,20,White,39.0,4.0,3.0,1.0
153,50,50,11,16,23,White,56.0,4.0,3.0,1.0
154,50,50,7,28,15,Afr american,32.0,4.0,3.0,1.0
155,50,50,14,25,11,Hispanic,45.0,2.0,3.0,2.0
156,50,50,21,10,19,White,36.0,4.0,1.0,1.0
157,50,50,0,0,50,White,47.0,3.0,1.0,1.0
158,50,50,7,19,24,White,32.0,4.0,3.0,1.0
159,50,50,15,19,16,Afr american,35.0,3.0,2.0,1.0
160,50,50,11,10,29,White,64.0,2.0,3.0,1.0
161,50,50,12,12,26,White,38.0,4.0,2.0,1.0
162,50,50,7,24,19,Afr american,40.0,4.0,2.0,1.0
163,50,50,30,6,14,White,93.0,4.0,1.0,1.0
164,50,50,13,16,21,Sth else,42.0,3.0,2.0,1.0
165,50,50,9,20,21,White,22.0,3.0,2.0,1.0
166,50,50,15,18,17,White,55.0,4.0,2.0,1.0
167,50,50,13,24,13,Afr american,31.0,4.0,1.0,1.0
168,50,50,1,26,23,White,31.0,4.0,2.0,1.0
169,50,50,18,14,18,White,57.0,2.0,2.0,1.0
170,50,50,12,18,20,White,31.0,4.0,2.0,1.0
171,50,50,10,13,27,White,37.0,3.0,2.0,1.0
172,50,50,15,12,23,White,40.0,5.0,2.0,1.0
173,50,50,14,15,21,White,45.0,4.0,1.0,1.0
174,50,50,18,19,13,White,55.0,5.0,3.0,1.0
175,50,50,6,23,21,White,59.0,3.0,3.0,1.0
176,50,50,11,22,17,Hispanic,25.0,2.0,1.0,1.0
177,50,50,17,17,16,Afr american,56.0,5.0,3.0,2.0
178,50,50,18,14,18,Asian,26.0,2.0,2.0,1.0
179,50,50,14,20,16,White,64.0,4.0,1.0,1.0
180,50,50,1,31,18,White,31.0,4.0,2.0,1.0
181,50,50,14,22,14,White,39.0,4.0,2.0,1.0
182,50,50,4,28,18,White,38.0,4.0,3.0,1.0
183,50,50,13,23,14,White,31.0,4.0,2.0,1.0
184,50,50,19,13,18,White,33.0,1.0,2.0,1.0
185,50,50,9,17,24,White,63.0,5.0,3.0,1.0
186,50,50,11,21,18,White,31.0,3.0,3.0,1.0
187,50,50,5,24,21,Asian,51.0,4.0,3.0,2.0
188,50,50,2,6,42,White,61.0,4.0,1.0,1.0
189,50,50,15,23,12,White,43.0,3.0,2.0,1.0
190,50,50,14,16,20,White,52.0,4.0,3.0,1.0
191,50,50,22,11,17,White,29.0,4.0,3.0,1.0
192,50,50,9,13,28,White,21.0,4.0,1.0,1.0
193,50,50,18,18,14,White,29.0,3.0,3.0,1.0
194,50,50,32,0,18,Hispanic,23.0,4.0,3.0,1.0
195,7,7,0,1,6,Prefer not to say,,,,
196,50,50,18,2,30,White,58.0,4.0,1.0,1.0
197,50,50,19,10,21,White,71.0,5.0,3.0,1.0
198,50,50,8,24,18,White,54.0,4.0,1.0,1.0
199,50,50,12,21,17,White,36.0,4.0,2.0,1.0
200,50,50,9,15,26,Asian,30.0,4.0,3.0,1.0
201,50,50,27,1,22,White,54.0,5.0,1.0,1.0
202,50,50,11,14,25,White,23.0,4.0,2.0,1.0
203,50,50,11,18,21,White,33.0,4.0,2.0,1.0
204,50,50,12,12,26,White,30.0,5.0,1.0,1.0
205,50,50,33,0,17,White,19.0,3.0,2.0,1.0
206,50,50,7,5,38,Asian,31.0,4.0,3.0,1.0
207,50,50,8,18,24,White,38.0,4.0,3.0,1.0
208,50,50,21,16,13,Asian,35.0,6.0,1.0,1.0
209,50,50,23,14,13,White,51.0,3.0,1.0,1.0
210,50,50,8,23,19,White,36.0,4.0,2.0,1.0
211,50,50,5,27,18,White,48.0,3.0,3.0,1.0
212,50,50,18,11,21,White,46.0,4.0,1.0,1.0
213,50,50,22,16,12,White,30.0,5.0,2.0,1.0
214,50,50,14,19,17,White,31.0,2.0,3.0,1.0
215,50,50,19,12,19,White,64.0,4.0,2.0,1.0
216,50,50,11,20,19,Afr american,28.0,4.0,2.0,1.0
218,50,50,12,21,17,White,29.0,4.0,2.0,1.0
219,50,50,22,10,18,Hispanic,18.0,3.0,2.0,1.0
220,50,50,5,9,36,White,34.0,4.0,3.0,1.0
221,50,50,17,8,25,White,40.0,4.0,3.0,1.0
222,50,50,7,29,14,White,38.0,4.0,3.0,1.0
223,50,50,15,21,14,White,22.0,4.0,2.0,1.0
224,50,50,12,15,23,White,38.0,4.0,1.0,1.0
225,50,50,4,11,35,White,32.0,2.0,2.0,1.0
226,50,50,11,20,19,White,48.0,5.0,3.0,1.0
227,50,50,15,6,29,White,36.0,5.0,2.0,1.0
228,50,50,15,16,19,Asian,31.0,2.0,2.0,1.0
229,50,50,12,17,21,White,33.0,4.0,3.0,1.0
230,50,50,13,11,26,White,43.0,4.0,3.0,1.0
231,50,50,11,25,14,White,50.0,3.0,1.0,1.0
232,50,50,27,12,11,Afr american,24.0,2.0,3.0,1.0
233,50,50,15,17,18,White,62.0,4.0,1.0,1.0
234,50,50,20,15,15,White,49.0,4.0,2.0,1.0
235,50,50,14,15,21,White,41.0,4.0,2.0,1.0
236,50,50,7,26,17,White,66.0,4.0,1.0,1.0
237,50,50,3,26,21,White,30.0,3.0,2.0,1.0
238,50,50,15,18,17,White,20.0,3.0,3.0,1.0
239,50,50,17,14,19,Hispanic,30.0,2.0,2.0,1.0
240,50,50,17,10,23,White,39.0,4.0,3.0,1.0
241,50,50,15,17,18,White,28.0,4.0,2.0,1.0
242,18,18,10,2,6,Prefer not to say,,,,
243,50,50,30,8,12,White,31.0,5.0,3.0,1.0
244,50,50,15,14,21,White,49.0,3.0,2.0,1.0
245,50,50,14,15,21,White,35.0,4.0,2.0,1.0
246,29,29,7,16,6,Prefer not to say,,,,
247,50,50,6,28,16,White,33.0,4.0,2.0,1.0
248,50,50,16,16,18,White,66.0,4.0,2.0,1.0
249,50,50,7,20,23,White,59.0,3.0,1.0,1.0
250,50,50,22,12,16,White,32.0,5.0,1.0,1.0
251,50,50,13,19,18,White,44.0,5.0,2.0,1.0
252,50,50,9,15,26,White,81.0,5.0,3.0,1.0
253,50,50,20,13,17,White,33.0,3.0,3.0,1.0
254,50,50,7,11,32,White,53.0,3.0,2.0,1.0
255,50,50,15,6,29,White,29.0,2.0,2.0,1.0
256,50,50,15,17,18,Hispanic,29.0,5.0,2.0,1.0
257,50,50,5,2,43,Afr american,40.0,2.0,1.0,1.0
258,50,50,8,24,18,White,65.0,6.0,2.0,1.0
259,50,50,20,15,15,White,26.0,2.0,2.0,1.0
260,50,50,9,6,35,White,42.0,4.0,2.0,1.0
261,50,50,8,5,37,Hispanic,27.0,4.0,3.0,1.0
262,50,50,21,2,27,White,31.0,5.0,1.0,1.0
263,50,50,14,18,18,White,39.0,4.0,1.0,1.0
264,50,50,0,0,50,White,45.0,3.0,1.0,1.0
265,50,50,8,25,17,White,32.0,3.0,3.0,1.0
266,50,50,20,3,27,White,41.0,4.0,3.0,2.0
267,50,50,19,15,16,White,47.0,3.0,3.0,1.0
268,50,50,11,22,17,White,33.0,3.0,2.0,1.0
269,50,50,8,23,19,White,38.0,5.0,1.0,1.0
270,50,50,11,12,27,White,50.0,4.0,1.0,2.0
271,50,50,23,12,15,White,64.0,4.0,2.0,1.0
272,50,50,8,19,23,White,32.0,2.0,2.0,1.0
273,50,50,9,16,25,White,66.0,5.0,2.0,1.0
274,2,2,0,0,2,Prefer not to say,,,,
275,50,50,6,20,24,Sth else,32.0,2.0,2.0,1.0
276,50,50,1,28,21,Afr american,22.0,4.0,2.0,2.0
277,50,50,24,13,13,White,70.0,3.0,2.0,1.0
278,50,50,5,19,26,White,27.0,4.0,3.0,1.0
279,50,50,18,14,18,Afr american,40.0,4.0,2.0,1.0
280,50,50,26,11,13,White,39.0,3.0,2.0,1.0
281,50,50,21,16,13,White,47.0,2.0,1.0,1.0
282,50,50,16,14,20,White,22.0,3.0,2.0,1.0
283,50,50,25,9,16,White,74.0,5.0,2.0,1.0
284,50,50,13,26,11,White,43.0,5.0,3.0,1.0
285,50,50,16,17,17,White,44.0,2.0,2.0,1.0
286,50,50,12,16,22,White,43.0,3.0,3.0,1.0
287,50,50,22,6,22,White,49.0,3.0,3.0,1.0
288,50,50,21,14,15,White,68.0,4.0,1.0,1.0
289,50,50,23,3,24,White,60.0,2.0,2.0,1.0
290,50,50,18,10,22,Afr american,39.0,4.0,2.0,1.0
291,50,50,27,15,8,Hispanic,36.0,5.0,3.0,2.0
292,50,50,3,8,39,Afr american,23.0,4.0,2.0,1.0
293,50,50,4,18,28,White,64.0,2.0,3.0,1.0
294,50,50,15,22,13,White,57.0,4.0,2.0,1.0
295,50,50,3,23,24,White,41.0,4.0,3.0,1.0
296,50,50,9,21,20,White,38.0,4.0,2.0,1.0
297,50,50,2,24,24,White,58.0,3.0,1.0,1.0
298,50,50,26,6,18,White,83.0,5.0,2.0,1.0
300,50,50,23,7,20,White,31.0,4.0,2.0,1.0
301,50,50,13,18,19,White,38.0,5.0,2.0,1.0
302,50,50,9,21,20,White,37.0,4.0,1.0,1.0
303,50,50,17,7,26,White,47.0,4.0,2.0,1.0
304,50,50,10,11,29,Hispanic,47.0,3.0,2.0,1.0
305,50,50,9,13,28,White,46.0,1.0,2.0,1.0
306,50,50,11,23,16,White,45.0,4.0,1.0,1.0
307,50,50,8,22,20,White,47.0,4.0,2.0,1.0
308,50,50,13,9,28,White,25.0,2.0,2.0,1.0
309,50,50,8,21,21,White,66.0,4.0,1.0,1.0
310,50,50,19,16,15,White,26.0,4.0,2.0,1.0
311,50,50,9,26,15,White,66.0,4.0,3.0,1.0
313,50,50,19,15,16,White,39.0,4.0,1.0,1.0
315,50,50,19,8,23,Hispanic,33.0,3.0,2.0,1.0
316,50,50,18,6,26,White,53.0,5.0,1.0,1.0
317,50,50,22,11,17,White,29.0,4.0,3.0,1.0
318,50,50,17,15,18,Afr american,48.0,5.0,3.0,1.0
319,50,50,12,18,20,White,38.0,5.0,2.0,1.0
320,50,50,13,26,11,White,46.0,5.0,1.0,1.0
321,50,50,3,23,24,White,20.0,3.0,2.0,1.0
322,50,50,23,4,23,White,36.0,4.0,2.0,1.0
323,50,50,10,17,23,White,36.0,5.0,3.0,1.0
324,50,50,13,18,19,Afr american,27.0,5.0,1.0,1.0
325,50,50,18,14,18,White,30.0,2.0,3.0,1.0
326,50,50,22,15,13,Asian,22.0,3.0,2.0,1.0
327,50,50,15,17,18,White,64.0,3.0,2.0,1.0
328,50,50,8,15,27,Hispanic,45.0,3.0,2.0,1.0
329,50,50,18,9,23,White,37.0,2.0,3.0,1.0
330,50,50,2,17,31,White,33.0,5.0,3.0,1.0
331,50,50,26,9,15,White,30.0,5.0,2.0,1.0
332,50,50,21,7,22,White,52.0,4.0,2.0,1.0
333,50,50,13,24,13,White,42.0,3.0,2.0,1.0
334,50,50,14,14,22,Afr american,25.0,4.0,2.0,1.0
335,5,5,3,1,1,Prefer not to say,,,,
336,50,50,14,16,20,White,29.0,4.0,1.0,1.0
337,50,50,21,14,15,Prefer not,27.0,4.0,2.0,1.0
338,50,50,4,24,22,White,51.0,4.0,3.0,1.0
339,50,50,9,19,22,Afr american,27.0,4.0,2.0,1.0
340,50,50,3,29,18,Afr american,41.0,3.0,3.0,1.0
341,50,50,18,17,15,White,54.0,4.0,1.0,1.0
342,50,50,10,21,19,White,38.0,4.0,3.0,1.0
343,50,50,16,2,32,White,30.0,3.0,2.0,1.0
344,50,50,9,21,20,Hispanic,31.0,4.0,1.0,1.0
345,50,50,9,26,15,White,23.0,4.0,2.0,1.0
346,50,50,14,17,19,White,67.0,3.0,1.0,1.0
347,50,50,23,19,8,White,52.0,4.0,1.0,1.0
348,50,50,3,20,27,Hispanic,44.0,3.0,3.0,1.0
349,50,50,14,14,22,White,41.0,4.0,3.0,1.0
350,50,50,8,6,36,Sth else,44.0,2.0,3.0,1.0
351,50,50,2,19,29,White,44.0,4.0,1.0,1.0
352,50,50,4,13,33,White,42.0,3.0,3.0,1.0
353,50,50,22,11,17,White,40.0,2.0,2.0,1.0
354,16,16,6,6,4,Prefer not to say,,,,
355,50,50,7,24,19,Asian,31.0,4.0,2.0,1.0
356,50,50,12,24,14,White,38.0,4.0,3.0,1.0
357,50,50,26,14,10,White,37.0,2.0,3.0,1.0
358,50,50,17,8,25,White,65.0,4.0,3.0,1.0
359,50,50,16,14,20,White,52.0,3.0,1.0,1.0
360,50,50,11,20,19,White,36.0,4.0,2.0,1.0
361,50,50,23,10,17,White,55.0,4.0,2.0,1.0
362,50,50,4,33,13,White,31.0,2.0,3.0,1.0
363,50,50,12,24,14,White,37.0,4.0,1.0,1.0
364,50,50,5,9,36,White,44.0,2.0,1.0,1.0
365,50,50,11,25,14,White,35.0,4.0,2.0,1.0
366,50,50,24,17,9,White,46.0,4.0,3.0,1.0
367,50,50,0,13,37,White,42.0,4.0,1.0,1.0
368,50,50,13,17,20,White,30.0,4.0,2.0,1.0
369,50,50,6,20,24,White,34.0,4.0,1.0,1.0
370,50,50,20,13,17,White,69.0,3.0,2.0,1.0
371,50,50,17,16,17,Sth else,29.0,4.0,3.0,1.0
372,50,50,14,15,21,White,25.0,4.0,2.0,1.0
373,50,50,6,18,26,White,67.0,3.0,1.0,1.0
374,50,50,25,15,10,White,38.0,3.0,3.0,1.0
375,50,50,21,11,18,White,65.0,3.0,2.0,1.0
376,50,50,21,8,21,White,41.0,4.0,1.0,1.0
377,50,50,11,4,35,White,72.0,3.0,3.0,1.0
378,50,50,14,14,22,White,45.0,4.0,3.0,1.0
379,50,50,1,9,40,Afr american,23.0,4.0,1.0,1.0
380,50,50,11,22,17,White,63.0,3.0,2.0,1.0
381,50,50,16,19,15,White,26.0,2.0,3.0,1.0
382,50,50,16,14,20,White,47.0,4.0,3.0,1.0
383,50,50,15,10,25,White,46.0,3.0,1.0,1.0
384,50,50,24,11,15,White,65.0,4.0,2.0,1.0
385,50,50,18,9,23,White,42.0,3.0,1.0,1.0
386,50,50,12,17,21,White,67.0,2.0,1.0,1.0
387,50,50,6,27,17,White,74.0,4.0,1.0,1.0
388,50,50,6,30,14,White,40.0,3.0,3.0,1.0
389,50,50,4,24,22,White,57.0,5.0,2.0,1.0
390,50,50,41,1,8,White,48.0,4.0,1.0,1.0
391,50,50,8,26,16,White,28.0,4.0,3.0,1.0
392,50,50,7,20,23,White,51.0,5.0,2.0,1.0
393,50,50,9,21,20,White,39.0,4.0,3.0,1.0
394,50,50,24,11,15,White,27.0,3.0,3.0,1.0
395,50,50,11,18,21,White,29.0,4.0,2.0,1.0
396,50,50,13,21,16,White,47.0,3.0,1.0,1.0
397,50,50,20,9,21,White,28.0,5.0,2.0,1.0
398,50,50,12,20,18,White,35.0,4.0,2.0,1.0
399,50,50,15,16,19,Afr american,36.0,3.0,2.0,1.0
400,50,50,11,15,24,Afr american,29.0,4.0,2.0,1.0
401,50,50,27,6,17,White,32.0,5.0,2.0,1.0
402,50,50,14,14,22,White,52.0,3.0,3.0,1.0
403,50,50,4,21,25,White,31.0,4.0,2.0,1.0
404,50,50,6,1,43,White,26.0,4.0,2.0,1.0
405,50,50,12,25,13,White,34.0,5.0,3.0,1.0
406,50,50,21,9,20,White,49.0,3.0,2.0,1.0
407,50,50,5,23,22,White,42.0,5.0,3.0,2.0
408,50,50,13,21,16,White,59.0,2.0,2.0,1.0
409,50,50,14,15,21,White,45.0,4.0,2.0,1.0
410,50,50,9,19,22,White,45.0,3.0,2.0,1.0
411,50,50,14,17,19,White,36.0,4.0,2.0,1.0
412,50,50,9,19,22,White,32.0,3.0,3.0,1.0
413,50,50,10,21,19,Asian,43.0,4.0,3.0,1.0
414,50,50,12,16,22,Afr american,27.0,2.0,1.0,1.0
415,50,50,6,23,21,White,30.0,4.0,2.0,1.0
416,50,50,17,15,18,White,37.0,4.0,2.0,1.0
418,50,50,5,21,24,Asian,19.0,3.0,2.0,1.0
419,50,50,16,21,13,White,31.0,4.0,1.0,1.0
420,50,50,8,28,14,White,65.0,4.0,,1.0
421,50,50,5,13,32,White,26.0,4.0,2.0,1.0
422,50,50,22,13,15,White,41.0,5.0,2.0,1.0
423,50,50,7,15,28,Afr american,49.0,3.0,3.0,1.0
424,50,50,10,14,26,White,64.0,4.0,3.0,1.0
425,50,50,19,19,12,Hispanic,28.0,2.0,2.0,1.0
426,50,50,9,21,20,White,30.0,4.0,1.0,1.0
427,50,50,17,9,24,White,23.0,2.0,3.0,1.0
428,50,50,7,12,31,White,32.0,5.0,3.0,1.0
429,50,50,10,21,19,White,28.0,4.0,1.0,1.0
430,50,50,7,21,22,White,32.0,4.0,1.0,1.0
431,50,50,14,21,15,White,60.0,4.0,2.0,1.0
432,50,50,20,12,18,White,36.0,3.0,3.0,1.0
433,50,50,13,17,20,White,36.0,2.0,2.0,1.0
434,50,50,11,25,14,Asian,34.0,5.0,3.0,2.0
435,50,50,27,19,4,Afr american,33.0,5.0,1.0,1.0
436,50,50,15,22,13,White,51.0,6.0,2.0,1.0
437,50,50,7,25,18,White,48.0,4.0,1.0,1.0
438,50,50,12,24,14,White,28.0,1.0,2.0,1.0
439,50,50,6,20,24,White,59.0,3.0,3.0,1.0
440,50,50,16,12,22,White,35.0,1.0,3.0,1.0
441,50,50,8,24,18,White,37.0,2.0,3.0,1.0
442,50,50,13,16,21,White,37.0,3.0,3.0,1.0
443,50,50,12,22,16,White,20.0,2.0,3.0,1.0
444,50,50,19,19,12,White,75.0,3.0,3.0,1.0
445,50,50,7,15,28,White,,,,
446,5,5,2,2,1,Prefer not to say,,,,
447,50,50,11,22,17,White,41.0,3.0,2.0,1.0
448,50,50,16,16,18,White,38.0,4.0,3.0,1.0
449,50,50,11,25,14,White,42.0,4.0,3.0,1.0
450,50,50,8,14,28,White,29.0,4.0,2.0,1.0
451,50,50,7,8,35,White,49.0,2.0,1.0,1.0
452,50,50,16,17,17,White,34.0,3.0,2.0,1.0
453,50,50,12,20,18,Hispanic,32.0,4.0,3.0,2.0
454,50,50,11,23,16,White,40.0,2.0,3.0,1.0
455,50,50,7,11,32,White,44.0,2.0,2.0,1.0
456,50,50,16,15,19,White,23.0,4.0,2.0,1.0
457,50,50,10,24,16,White,27.0,4.0,2.0,1.0
458,50,50,13,14,23,White,24.0,4.0,3.0,1.0
459,50,50,17,12,21,Afr american,39.0,4.0,2.0,1.0
460,50,50,12,9,29,White,49.0,5.0,1.0,1.0
461,50,50,10,17,23,White,27.0,3.0,1.0,1.0
462,50,50,18,16,16,Asian,34.0,4.0,2.0,1.0
463,50,50,17,19,14,White,20.0,2.0,2.0,1.0
464,50,50,8,23,19,Afr american,26.0,5.0,2.0,1.0
465,50,50,20,5,25,White,52.0,4.0,2.0,1.0
466,50,50,26,9,15,White,62.0,4.0,3.0,1.0
467,50,50,34,0,16,White,25.0,2.0,3.0,1.0
468,50,50,23,7,20,White,37.0,2.0,2.0,1.0
469,50,50,13,9,28,White,50.0,2.0,1.0,1.0
470,50,50,14,13,23,White,54.0,4.0,3.0,1.0
471,50,50,8,24,18,White,61.0,4.0,2.0,1.0
472,50,50,9,16,25,White,36.0,2.0,2.0,1.0
473,50,50,22,8,20,White,51.0,5.0,3.0,1.0
474,50,50,15,10,25,White,32.0,2.0,2.0,1.0
475,50,50,14,18,18,Prefer not,35.0,2.0,2.0,1.0
476,50,50,26,7,17,White,74.0,5.0,2.0,1.0
477,50,50,7,27,16,White,33.0,2.0,2.0,1.0
478,50,50,21,15,14,White,28.0,4.0,3.0,1.0
479,50,50,31,3,16,White,32.0,2.0,1.0,1.0
480,50,50,18,12,20,White,32.0,4.0,3.0,1.0
481,50,50,14,15,21,White,33.0,5.0,2.0,1.0
482,50,50,18,12,20,Afr american,49.0,4.0,2.0,1.0
483,50,50,10,20,20,Hispanic,36.0,4.0,3.0,1.0
484,50,50,16,11,23,White,36.0,3.0,3.0,1.0
485,50,50,17,13,20,White,37.0,2.0,2.0,1.0
486,50,50,13,22,15,White,54.0,4.0,2.0,1.0
487,50,50,9,19,22,White,27.0,4.0,2.0,1.0
488,50,50,3,25,22,White,35.0,4.0,3.0,1.0
489,50,50,10,19,21,White,32.0,4.0,3.0,1.0
490,50,50,19,15,16,White,32.0,4.0,1.0,1.0
491,50,50,9,15,26,White,33.0,4.0,2.0,1.0
492,50,50,6,23,21,White,55.0,4.0,3.0,1.0
493,50,50,12,27,11,Afr american,59.0,3.0,2.0,1.0
494,50,50,15,11,24,White,65.0,3.0,2.0,1.0
495,50,50,12,19,19,White,32.0,3.0,3.0,1.0
496,50,50,15,8,27,White,40.0,4.0,1.0,1.0
497,50,50,8,21,21,White,35.0,4.0,2.0,1.0
498,50,50,5,25,20,White,40.0,4.0,2.0,1.0
499,50,50,10,17,23,Asian,43.0,3.0,1.0,1.0
500,50,50,12,19,19,White,25.0,5.0,2.0,1.0
501,50,50,7,18,25,White,58.0,5.0,3.0,2.0
502,50,50,7,31,12,White,40.0,5.0,3.0,1.0
503,50,50,7,21,22,White,63.0,2.0,2.0,1.0
504,50,50,9,11,30,White,30.0,3.0,2.0,1.0
505,50,50,24,6,20,White,30.0,4.0,2.0,1.0
506,50,50,9,22,19,White,54.0,4.0,2.0,1.0
507,50,50,7,20,23,White,55.0,3.0,3.0,1.0
508,50,50,6,26,18,White,25.0,2.0,2.0,1.0
509,50,50,14,20,16,White,46.0,3.0,2.0,1.0
510,50,50,14,18,18,White,28.0,2.0,3.0,1.0
512,50,50,18,16,16,White,55.0,6.0,1.0,1.0
513,50,50,17,16,17,White,39.0,4.0,2.0,1.0
514,50,50,8,15,27,White,50.0,4.0,2.0,1.0
515,50,50,19,15,16,White,53.0,3.0,2.0,1.0
516,50,50,6,22,22,White,47.0,3.0,1.0,1.0
517,50,50,27,10,13,White,40.0,4.0,1.0,1.0
518,50,50,6,23,21,White,44.0,5.0,2.0,1.0
519,50,50,25,7,18,White,36.0,3.0,2.0,1.0
520,50,50,14,13,23,White,28.0,4.0,2.0,1.0
521,50,50,9,19,22,White,46.0,4.0,3.0,1.0
522,50,50,17,16,17,White,28.0,4.0,2.0,1.0
523,50,50,5,0,45,White,40.0,4.0,2.0,2.0
524,50,50,10,24,16,White,69.0,4.0,2.0,1.0
525,50,50,5,23,22,White,56.0,4.0,1.0,1.0
526,50,50,26,9,15,White,52.0,5.0,2.0,1.0
527,50,50,19,10,21,White,68.0,3.0,1.0,1.0
528,50,50,13,14,23,White,30.0,4.0,2.0,1.0
529,50,50,15,10,25,White,53.0,2.0,3.0,1.0
530,50,50,4,16,30,White,62.0,4.0,3.0,1.0
531,50,50,10,18,22,White,41.0,5.0,3.0,1.0
532,50,50,17,18,15,White,27.0,3.0,2.0,1.0
533,50,50,13,25,12,White,37.0,5.0,2.0,1.0
534,50,50,17,18,15,Hispanic,31.0,2.0,3.0,1.0
535,50,50,11,22,17,White,32.0,3.0,2.0,1.0
536,50,50,9,15,26,White,22.0,3.0,3.0,1.0
537,50,50,5,28,17,White,30.0,5.0,2.0,1.0
538,50,50,10,17,23,White,33.0,3.0,2.0,1.0
539,50,50,12,15,23,White,41.0,4.0,2.0,1.0
540,50,50,23,14,13,White,35.0,4.0,2.0,1.0
541,50,50,4,25,21,White,51.0,5.0,2.0,1.0
542,50,50,8,32,10,White,25.0,2.0,3.0,1.0
543,50,50,8,21,21,Asian,40.0,4.0,2.0,1.0
544,50,50,17,7,26,White,62.0,4.0,1.0,1.0
545,50,50,15,5,30,Hispanic,31.0,3.0,1.0,1.0
546,50,50,11,20,19,Afr american,34.0,4.0,2.0,1.0
547,50,50,13,20,17,White,34.0,3.0,3.0,1.0
548,50,50,11,17,22,White,31.0,5.0,2.0,1.0
549,50,50,21,14,15,White,26.0,5.0,2.0,1.0
550,50,50,4,27,19,Afr american,35.0,4.0,2.0,1.0
552,50,50,15,17,18,White,62.0,3.0,1.0,1.0
553,50,50,14,11,25,White,65.0,2.0,3.0,1.0
554,50,50,13,13,24,White,47.0,1.0,2.0,1.0
555,50,50,1,28,21,White,37.0,4.0,3.0,1.0
556,50,50,8,22,20,Asian,22.0,4.0,1.0,1.0
557,50,50,8,20,22,White,43.0,4.0,3.0,1.0
558,50,50,19,0,31,White,32.0,3.0,2.0,1.0
559,50,50,13,33,4,Asian,26.0,5.0,1.0,1.0
560,50,50,5,25,20,White,32.0,4.0,3.0,1.0
561,50,50,19,20,11,White,21.0,3.0,2.0,1.0
562,50,50,25,19,6,White,30.0,5.0,2.0,1.0
563,50,50,30,8,12,White,38.0,4.0,3.0,1.0
564,50,50,11,21,18,Asian,32.0,4.0,2.0,1.0
565,50,50,23,10,17,Hispanic,42.0,5.0,1.0,2.0
566,50,50,20,12,18,White,21.0,2.0,2.0,1.0
567,50,50,1,20,29,White,50.0,1.0,1.0,1.0
568,50,50,31,7,12,White,54.0,4.0,2.0,1.0
569,50,50,4,20,26,White,32.0,3.0,3.0,1.0
570,50,50,13,23,14,Afr american,37.0,4.0,3.0,1.0
571,50,50,8,23,19,Hispanic,38.0,4.0,2.0,1.0
572,50,50,7,16,27,White,60.0,4.0,3.0,1.0
573,50,50,12,20,18,White,26.0,4.0,3.0,1.0
574,50,50,20,9,21,Hispanic,31.0,3.0,3.0,2.0
575,50,50,10,14,26,White,21.0,4.0,2.0,1.0
576,50,50,24,10,16,White,33.0,5.0,3.0,1.0
577,50,50,8,16,26,Hispanic,32.0,4.0,2.0,1.0
578,50,50,22,19,9,White,23.0,4.0,2.0,1.0
579,50,50,2,25,23,White,39.0,3.0,3.0,1.0
580,50,50,15,17,18,White,35.0,4.0,2.0,1.0
581,50,50,0,0,50,Prefer not,40.0,4.0,3.0,1.0
582,50,50,21,9,20,Prefer not,30.0,3.0,1.0,1.0
583,50,50,15,17,18,White,33.0,5.0,3.0,1.0
584,50,50,21,8,21,White,56.0,3.0,3.0,1.0
585,50,50,12,19,19,White,35.0,4.0,2.0,1.0
586,50,50,15,16,19,White,58.0,3.0,2.0,1.0
587,50,50,17,18,15,White,34.0,5.0,1.0,1.0
588,50,50,11,23,16,White,35.0,3.0,2.0,1.0
589,50,50,14,19,17,Hispanic,52.0,4.0,1.0,1.0
590,50,50,5,30,15,White,36.0,4.0,2.0,1.0
591,50,50,18,12,20,White,37.0,4.0,3.0,1.0
592,50,50,19,7,24,White,39.0,2.0,1.0,1.0
593,50,50,13,12,25,White,39.0,4.0,3.0,1.0
594,50,50,12,21,17,Afr american,29.0,4.0,2.0,1.0
595,50,50,26,6,18,Hispanic,22.0,3.0,2.0,1.0
596,50,50,13,27,10,Afr american,35.0,2.0,2.0,1.0
597,50,50,19,9,22,White,57.0,4.0,1.0,1.0
598,50,50,8,18,24,White,36.0,4.0,2.0,1.0
599,50,50,11,16,23,White,29.0,4.0,2.0,1.0
600,50,50,18,18,14,White,47.0,2.0,2.0,2.0
601,50,50,18,11,21,Hispanic,25.0,2.0,2.0,1.0
602,50,50,23,9,18,White,45.0,4.0,2.0,1.0
603,50,50,16,17,17,White,43.0,4.0,2.0,1.0
604,50,50,8,22,20,Afr american,37.0,4.0,2.0,1.0
605,50,50,19,18,13,White,65.0,4.0,3.0,1.0
606,50,50,11,25,14,White,58.0,2.0,1.0,1.0
607,50,50,16,15,19,White,50.0,4.0,3.0,1.0
608,50,50,15,17,18,White,31.0,4.0,2.0,1.0
609,50,50,12,14,24,White,33.0,4.0,2.0,1.0
610,50,50,11,22,17,Afr american,43.0,4.0,2.0,1.0
611,50,50,2,20,28,White,32.0,4.0,3.0,1.0
612,50,50,22,10,18,White,36.0,3.0,3.0,1.0
613,50,50,14,11,25,White,47.0,3.0,2.0,1.0
614,50,50,10,19,21,Asian,36.0,4.0,2.0,1.0
615,50,50,26,2,22,White,33.0,2.0,1.0,1.0
616,50,50,9,5,36,White,54.0,4.0,3.0,1.0
617,50,50,6,17,27,White,54.0,4.0,1.0,1.0
618,50,50,26,4,20,White,34.0,5.0,2.0,1.0
619,50,50,17,11,22,White,61.0,2.0,1.0,1.0
620,50,50,15,18,17,White,49.0,4.0,2.0,1.0
621,50,50,18,11,21,White,40.0,4.0,2.0,1.0
622,50,50,18,12,20,White,33.0,5.0,3.0,1.0
623,50,50,5,19,26,White,36.0,4.0,3.0,1.0
624,50,50,5,26,19,Hispanic,39.0,4.0,2.0,1.0
625,50,50,12,13,25,White,36.0,4.0,2.0,1.0
626,50,50,13,10,27,White,60.0,3.0,1.0,1.0
627,50,50,11,21,18,White,49.0,4.0,2.0,1.0
628,50,50,11,15,24,Afr american,29.0,4.0,2.0,1.0
629,50,50,3,11,36,White,70.0,4.0,1.0,1.0
630,50,50,14,23,13,White,28.0,4.0,3.0,1.0
631,50,50,14,12,24,White,26.0,4.0,2.0,1.0
632,50,50,17,21,12,White,38.0,4.0,2.0,1.0
633,50,50,15,15,20,White,49.0,4.0,3.0,1.0
634,50,50,22,15,13,White,39.0,4.0,1.0,1.0
635,50,50,13,13,24,White,36.0,5.0,3.0,1.0
636,50,50,7,16,27,Afr american,21.0,3.0,3.0,1.0
637,50,50,8,7,35,White,69.0,4.0,1.0,1.0
638,50,50,11,23,16,White,44.0,3.0,1.0,1.0
639,50,50,10,19,21,Asian,38.0,4.0,3.0,1.0
640,50,50,0,0,50,White,32.0,2.0,3.0,1.0
641,50,50,17,8,25,White,36.0,3.0,2.0,1.0
642,50,50,13,12,25,White,42.0,4.0,1.0,1.0
643,50,50,9,12,29,White,45.0,5.0,2.0,1.0
644,50,50,17,24,9,White,38.0,5.0,2.0,1.0
645,50,50,19,12,19,White,44.0,5.0,1.0,1.0
646,2,2,0,0,2,Prefer not to say,,,,
647,50,50,16,19,15,White,32.0,2.0,1.0,1.0
648,50,50,12,16,22,White,39.0,5.0,2.0,1.0
649,50,50,10,22,18,White,74.0,2.0,2.0,2.0
650,50,50,22,14,14,Asian,24.0,4.0,3.0,1.0
651,50,50,11,11,28,Afr american,22.0,3.0,2.0,1.0
652,3,3,0,1,2,Prefer not to say,,,,
653,50,50,3,20,27,White,37.0,5.0,2.0,1.0
654,41,41,11,16,14,Prefer not to say,,,,
655,50,50,11,11,28,White,32.0,2.0,3.0,1.0
656,50,50,1,27,22,White,45.0,5.0,2.0,1.0
657,50,50,8,22,20,White,41.0,5.0,1.0,1.0
658,50,50,6,23,21,Asian,32.0,5.0,1.0,1.0
659,8,8,2,1,5,Prefer not to say,,,,
660,50,50,16,19,15,White,58.0,4.0,1.0,1.0
661,25,25,6,9,10,Prefer not to say,,,,
662,50,50,14,15,21,White,35.0,2.0,2.0,1.0
663,50,50,9,13,28,White,35.0,4.0,2.0,1.0
664,50,50,5,21,24,White,68.0,5.0,1.0,1.0
665,50,50,9,21,20,White,34.0,3.0,2.0,1.0
666,50,50,12,11,27,Asian,30.0,3.0,1.0,2.0
667,50,50,4,27,19,White,63.0,3.0,3.0,1.0
668,50,50,20,12,18,White,19.0,3.0,1.0,1.0
669,50,50,14,21,15,White,32.0,3.0,2.0,1.0
670,24,24,4,10,10,Prefer not to say,,,,
671,50,50,16,16,18,Asian,29.0,3.0,2.0,1.0
672,50,50,13,19,18,Afr american,24.0,4.0,2.0,1.0
673,50,50,11,14,25,White,34.0,3.0,2.0,1.0
674,50,50,14,19,17,White,67.0,4.0,3.0,1.0
675,50,50,0,0,50,Hispanic,21.0,3.0,3.0,1.0
676,50,50,11,24,15,White,26.0,4.0,3.0,1.0
677,50,50,4,17,29,White,43.0,5.0,1.0,1.0
678,50,50,14,26,10,White,39.0,2.0,2.0,1.0
679,50,50,17,18,15,White,28.0,4.0,2.0,1.0
680,50,50,7,13,30,White,67.0,4.0,2.0,1.0
681,50,50,21,15,14,White,28.0,4.0,2.0,1.0
682,50,50,4,27,19,White,49.0,4.0,2.0,1.0
683,50,50,16,19,15,Asian,33.0,5.0,3.0,1.0
684,50,50,25,5,20,White,46.0,3.0,2.0,1.0
685,50,50,6,4,40,White,41.0,4.0,3.0,1.0
686,50,50,9,26,15,Afr american,54.0,5.0,3.0,1.0
687,50,50,12,22,16,White,28.0,4.0,1.0,1.0
688,50,50,18,9,23,White,34.0,4.0,2.0,1.0
689,50,50,13,21,16,White,30.0,5.0,3.0,1.0
690,50,50,6,30,14,White,80.0,5.0,1.0,1.0
691,50,50,7,25,18,Afr american,23.0,3.0,3.0,1.0
692,50,50,9,19,22,White,20.0,2.0,1.0,1.0
693,50,50,26,8,16,White,38.0,4.0,1.0,1.0
694,50,50,14,11,25,Afr american,25.0,3.0,3.0,1.0
695,50,50,14,14,22,White,51.0,5.0,2.0,1.0
696,50,50,18,17,15,White,38.0,3.0,1.0,1.0
697,50,50,11,17,22,White,29.0,3.0,3.0,1.0
698,50,50,25,11,14,White,38.0,3.0,2.0,1.0
699,50,50,20,6,24,White,44.0,3.0,2.0,1.0
700,50,50,5,16,29,Asian,26.0,4.0,2.0,1.0
701,50,50,18,22,10,Asian,21.0,3.0,2.0,1.0
702,50,50,32,15,3,White,42.0,4.0,1.0,1.0
703,50,50,9,19,22,White,31.0,4.0,1.0,1.0
704,50,50,4,24,22,White,33.0,4.0,1.0,1.0
705,50,50,19,12,19,White,21.0,3.0,1.0,1.0
706,50,50,5,25,20,White,45.0,4.0,2.0,1.0
707,50,50,3,28,19,White,40.0,5.0,3.0,1.0
708,50,50,10,15,25,White,49.0,4.0,3.0,1.0
709,50,50,8,21,21,White,34.0,5.0,1.0,1.0
710,50,50,26,16,8,White,65.0,4.0,3.0,1.0
711,50,50,18,18,14,White,54.0,4.0,3.0,1.0
712,50,50,13,16,21,White,21.0,2.0,1.0,1.0
713,50,50,11,24,15,White,40.0,4.0,2.0,1.0
714,50,50,2,21,27,White,62.0,6.0,3.0,1.0
715,50,50,16,9,25,Asian,34.0,6.0,3.0,1.0
716,50,50,9,17,24,Prefer not,35.0,4.0,3.0,1.0
717,50,50,1,12,37,Asian,45.0,4.0,3.0,1.0
718,50,50,12,14,24,Afr american,34.0,4.0,2.0,1.0
719,50,50,7,18,25,White,32.0,4.0,2.0,1.0
720,50,50,11,16,23,Asian,32.0,4.0,2.0,1.0
721,50,50,20,9,21,White,37.0,3.0,1.0,1.0
722,50,50,6,23,21,White,24.0,3.0,2.0,1.0
723,50,50,11,19,20,Afr american,44.0,5.0,2.0,1.0
724,50,50,8,13,29,White,20.0,3.0,2.0,1.0
725,50,50,4,19,27,Sth else,21.0,4.0,1.0,1.0
726,50,50,3,12,35,Afr american,37.0,4.0,2.0,1.0
727,50,50,30,7,13,White,59.0,3.0,3.0,1.0
728,50,50,21,10,19,White,34.0,4.0,3.0,1.0
729,50,50,2,22,26,Hispanic,47.0,3.0,2.0,1.0
730,50,50,7,19,24,White,56.0,4.0,2.0,1.0
731,50,50,0,31,19,White,37.0,3.0,1.0,1.0
732,50,50,17,15,18,White,40.0,2.0,3.0,1.0
733,50,50,9,20,21,White,47.0,4.0,1.0,1.0
734,50,50,7,23,20,White,33.0,3.0,3.0,1.0
735,50,50,13,10,27,White,29.0,4.0,2.0,1.0
736,50,50,15,22,13,White,38.0,5.0,3.0,2.0
737,50,50,2,8,40,White,55.0,4.0,1.0,2.0
738,50,50,14,20,16,Asian,28.0,3.0,3.0,1.0
739,50,50,9,21,20,White,27.0,4.0,3.0,1.0
740,50,50,19,12,19,White,63.0,4.0,2.0,1.0
741,50,50,15,18,17,Afr american,30.0,4.0,2.0,1.0
742,50,50,27,22,1,White,34.0,4.0,2.0,1.0
743,50,50,16,18,16,White,36.0,4.0,2.0,1.0
744,50,50,8,23,19,White,49.0,4.0,3.0,1.0
745,50,50,14,13,23,White,37.0,4.0,1.0,1.0
746,50,50,10,22,18,Afr american,47.0,4.0,2.0,1.0
747,50,50,11,17,22,White,38.0,4.0,3.0,1.0
748,50,50,20,15,15,White,27.0,5.0,2.0,1.0
749,50,50,10,24,16,White,58.0,4.0,2.0,1.0
750,50,50,6,20,24,White,36.0,2.0,1.0,1.0
751,50,50,15,16,19,White,63.0,5.0,1.0,1.0
752,50,50,18,14,18,White,30.0,4.0,3.0,1.0
755,50,50,15,17,18,White,31.0,2.0,3.0,1.0
756,50,50,4,26,20,White,24.0,4.0,2.0,1.0
757,50,50,0,23,27,White,74.0,5.0,2.0,1.0
758,50,50,10,14,26,White,32.0,4.0,2.0,1.0
759,50,50,12,8,30,White,36.0,3.0,3.0,1.0
760,50,50,11,21,18,White,35.0,4.0,2.0,1.0
761,50,50,11,12,27,White,43.0,3.0,2.0,1.0
762,50,50,30,4,16,White,49.0,3.0,3.0,1.0
763,50,50,16,8,26,White,28.0,4.0,2.0,1.0
764,50,50,16,6,28,White,56.0,2.0,2.0,1.0
765,50,50,3,2,45,Hispanic,21.0,3.0,1.0,1.0
766,50,50,25,10,15,Hispanic,28.0,3.0,3.0,1.0
768,50,50,20,12,18,White,44.0,3.0,3.0,1.0
769,50,50,8,16,26,White,25.0,4.0,3.0,1.0
770,33,33,14,12,7,Prefer not to say,,,,
771,50,50,19,14,17,White,42.0,2.0,3.0,1.0
772,11,11,4,0,7,Prefer not to say,,,,
773,50,50,9,18,23,White,37.0,4.0,1.0,1.0
774,50,50,10,25,15,Hispanic,53.0,3.0,2.0,1.0
775,50,50,3,10,37,White,46.0,3.0,3.0,1.0
776,50,50,0,25,25,White,42.0,3.0,3.0,1.0
777,50,50,19,9,22,Afr american,22.0,3.0,3.0,1.0
778,50,50,10,15,25,White,20.0,3.0,2.0,1.0
779,50,50,5,25,20,White,27.0,3.0,3.0,1.0
781,50,50,14,18,18,White,35.0,4.0,3.0,1.0
782,50,50,4,22,24,White,65.0,4.0,1.0,1.0
784,50,50,4,17,29,White,30.0,4.0,3.0,1.0
785,50,50,13,9,28,White,53.0,4.0,1.0,1.0
786,50,50,12,18,20,White,28.0,4.0,2.0,1.0
787,50,50,8,19,23,White,29.0,2.0,2.0,1.0
788,50,50,35,6,9,Asian,50.0,3.0,2.0,1.0
789,50,50,9,21,20,White,39.0,4.0,2.0,1.0
790,50,50,8,21,21,Afr american,25.0,3.0,3.0,1.0
791,50,50,10,14,26,White,50.0,2.0,2.0,1.0
792,50,50,8,15,27,White,43.0,4.0,3.0,1.0
793,50,50,14,16,20,White,52.0,4.0,2.0,1.0
794,50,50,12,15,23,White,29.0,3.0,2.0,1.0
795,50,50,14,12,24,White,48.0,2.0,3.0,1.0
796,50,50,5,24,21,Asian,54.0,2.0,3.0,1.0
797,50,50,9,19,22,White,51.0,2.0,2.0,1.0
798,50,50,14,6,30,Hispanic,27.0,3.0,3.0,2.0
799,50,50,11,17,22,Asian,51.0,6.0,2.0,1.0
800,50,50,10,23,17,Asian,25.0,3.0,2.0,1.0
801,50,50,20,13,17,Sth else,46.0,2.0,3.0,1.0
802,50,50,16,16,18,White,22.0,3.0,3.0,1.0
803,50,50,12,22,16,White,39.0,4.0,2.0,1.0
804,50,50,14,21,15,White,27.0,4.0,2.0,1.0
805,50,50,14,18,18,White,49.0,3.0,2.0,1.0
806,50,50,10,11,29,White,40.0,2.0,1.0,1.0
807,50,50,8,22,20,Hispanic,26.0,4.0,3.0,1.0
808,50,50,12,20,18,White,48.0,2.0,1.0,1.0
809,50,50,11,20,19,Afr american,31.0,4.0,3.0,1.0
810,50,50,9,16,25,White,30.0,2.0,3.0,1.0
811,50,50,4,22,24,White,68.0,3.0,3.0,1.0
812,50,50,9,23,18,White,76.0,5.0,2.0,1.0
813,50,50,10,25,15,White,46.0,3.0,2.0,1.0
814,50,50,6,20,24,White,28.0,4.0,2.0,1.0
815,50,50,10,30,10,White,43.0,3.0,2.0,1.0
816,50,50,26,8,16,White,28.0,4.0,2.0,1.0
817,50,50,12,22,16,White,64.0,4.0,2.0,1.0
818,50,50,12,24,14,White,29.0,4.0,1.0,1.0
819,50,50,15,15,20,White,45.0,5.0,1.0,1.0
820,50,50,18,16,16,White,68.0,4.0,2.0,1.0
821,50,50,10,21,19,White,41.0,3.0,2.0,1.0
822,50,50,9,21,20,White,38.0,5.0,2.0,1.0
823,50,50,21,11,18,Asian,55.0,2.0,1.0,1.0
824,50,50,30,1,19,White,47.0,3.0,2.0,1.0
825,50,50,15,11,24,White,28.0,4.0,1.0,1.0
826,50,50,8,0,42,White,22.0,2.0,2.0,1.0
827,50,50,20,13,17,White,20.0,3.0,1.0,1.0
828,50,50,11,2,37,Afr american,29.0,3.0,3.0,1.0
829,50,50,8,23,19,White,26.0,3.0,3.0,1.0
830,50,50,15,11,24,White,35.0,4.0,3.0,1.0
831,50,50,0,0,50,Afr american,55.0,3.0,2.0,1.0
832,50,50,22,11,17,White,39.0,4.0,3.0,1.0
833,50,50,33,1,16,Hispanic,29.0,3.0,2.0,1.0
834,50,50,21,7,22,White,62.0,4.0,3.0,1.0
835,50,50,0,0,50,White,21.0,1.0,1.0,1.0
836,50,50,6,13,31,Afr american,37.0,5.0,2.0,1.0
837,50,50,18,8,24,White,33.0,2.0,3.0,1.0
838,50,50,12,15,23,White,37.0,3.0,2.0,1.0
839,50,50,9,12,29,White,53.0,3.0,3.0,1.0
841,50,50,7,11,32,Sth else,23.0,3.0,2.0,1.0
842,50,50,7,22,21,Hispanic,30.0,5.0,2.0,1.0
843,50,50,21,11,18,White,24.0,4.0,3.0,1.0
844,50,50,21,2,27,White,53.0,3.0,1.0,1.0
845,50,50,9,23,18,White,40.0,3.0,2.0,1.0
846,50,50,13,21,16,Prefer not,33.0,4.0,3.0,1.0
847,50,50,9,17,24,Afr american,50.0,4.0,2.0,1.0
848,50,50,18,13,19,White,50.0,3.0,2.0,1.0
849,50,50,13,11,26,White,30.0,4.0,3.0,1.0
850,50,50,24,5,21,White,34.0,4.0,2.0,1.0
851,50,50,19,13,18,White,55.0,3.0,1.0,2.0
852,50,50,0,0,50,Afr american,46.0,4.0,3.0,1.0
853,50,50,25,4,21,Afr american,41.0,4.0,2.0,1.0
854,50,50,17,13,20,White,40.0,4.0,1.0,1.0
855,50,50,14,23,13,Hispanic,36.0,2.0,3.0,1.0
857,50,50,13,18,19,Hispanic,42.0,4.0,3.0,1.0
858,50,50,18,16,16,White,37.0,4.0,1.0,1.0
859,50,50,18,8,24,White,29.0,4.0,3.0,1.0
860,50,50,17,8,25,White,39.0,3.0,3.0,1.0
861,50,50,27,6,17,White,34.0,4.0,2.0,1.0
862,50,50,14,13,23,White,32.0,2.0,3.0,1.0
863,50,50,11,18,21,White,38.0,2.0,3.0,1.0
864,50,50,8,23,19,White,21.0,3.0,3.0,1.0
865,50,50,18,8,24,White,66.0,5.0,1.0,1.0
866,50,50,16,11,23,Asian,50.0,4.0,3.0,2.0
867,50,50,8,2,40,White,49.0,4.0,2.0,1.0
868,50,50,6,20,24,White,30.0,5.0,2.0,1.0
869,50,50,15,3,32,Asian,35.0,4.0,3.0,2.0
870,50,50,20,17,13,White,36.0,3.0,1.0,1.0
871,50,50,15,11,24,White,29.0,4.0,1.0,1.0
872,50,50,11,12,27,White,33.0,4.0,2.0,1.0
873,50,50,18,14,18,White,68.0,4.0,3.0,1.0
874,50,50,10,11,29,Hispanic,35.0,3.0,2.0,1.0
875,50,50,18,2,30,White,35.0,2.0,2.0,1.0
876,50,50,9,8,33,White,35.0,3.0,1.0,1.0
877,50,50,9,23,18,Afr american,37.0,4.0,2.0,1.0
878,50,50,1,0,49,White,43.0,5.0,2.0,1.0
879,50,50,23,2,25,White,35.0,3.0,2.0,1.0
880,50,50,8,6,36,White,33.0,4.0,3.0,1.0
881,50,50,15,19,16,White,35.0,4.0,2.0,1.0
882,50,50,19,3,28,Afr american,36.0,5.0,3.0,1.0
883,50,50,19,7,24,White,59.0,5.0,1.0,1.0
884,50,50,16,17,17,Asian,45.0,4.0,2.0,1.0
885,50,50,19,7,24,White,55.0,4.0,2.0,1.0
886,50,50,24,7,19,White,24.0,4.0,2.0,1.0
887,50,50,15,13,22,Hispanic,19.0,3.0,3.0,1.0
888,50,50,20,9,21,White,28.0,4.0,2.0,1.0
889,50,50,17,15,18,White,60.0,5.0,3.0,1.0
890,50,50,21,12,17,White,57.0,4.0,2.0,1.0
891,50,50,8,21,21,White,33.0,5.0,2.0,1.0
892,50,50,24,3,23,White,67.0,3.0,1.0,1.0
893,50,50,18,6,26,Afr american,36.0,2.0,2.0,1.0
894,50,50,14,15,21,White,35.0,5.0,3.0,1.0
895,50,50,10,16,24,White,59.0,2.0,2.0,1.0
896,50,50,9,10,31,White,49.0,2.0,1.0,1.0
897,50,50,6,19,25,Asian,32.0,4.0,1.0,1.0
898,50,50,19,2,29,White,32.0,4.0,2.0,1.0
899,50,50,21,3,26,White,38.0,4.0,2.0,2.0
900,50,50,13,15,22,White,25.0,3.0,3.0,1.0
901,50,50,15,14,21,Asian,49.0,5.0,3.0,1.0
902,50,50,17,16,17,White,40.0,4.0,2.0,1.0
903,50,50,13,15,22,Hispanic,19.0,3.0,2.0,1.0
904,50,50,26,3,21,White,30.0,2.0,2.0,1.0
905,50,50,18,13,19,Hispanic,38.0,4.0,2.0,1.0
906,50,50,16,13,21,White,43.0,3.0,3.0,1.0
907,50,50,0,21,29,White,38.0,4.0,2.0,1.0
908,50,50,10,20,20,White,40.0,3.0,2.0,1.0
909,50,50,9,22,19,White,31.0,4.0,2.0,1.0
910,50,50,8,20,22,White,37.0,4.0,3.0,1.0
911,50,50,17,16,17,White,69.0,2.0,2.0,1.0
912,50,50,16,9,25,White,61.0,2.0,3.0,1.0
913,50,50,11,17,22,White,27.0,4.0,2.0,1.0
914,50,50,18,16,16,Afr american,24.0,4.0,2.0,1.0
915,50,50,21,7,22,White,31.0,5.0,3.0,1.0
916,50,50,20,11,19,White,55.0,3.0,2.0,1.0
917,50,50,19,16,15,Hispanic,64.0,4.0,2.0,1.0
918,50,50,14,20,16,White,60.0,4.0,2.0,1.0
919,50,50,37,9,4,White,34.0,4.0,2.0,1.0
920,50,50,21,6,23,Afr american,53.0,2.0,2.0,1.0
921,50,50,23,5,22,White,35.0,4.0,2.0,1.0
922,50,50,18,1,31,White,35.0,5.0,3.0,1.0
923,50,50,4,26,20,White,38.0,4.0,2.0,1.0
924,50,50,13,17,20,White,45.0,4.0,2.0,1.0
925,50,50,19,18,13,White,23.0,3.0,2.0,1.0
926,50,50,8,28,14,Afr american,26.0,4.0,3.0,1.0
927,50,50,11,13,26,White,42.0,5.0,3.0,1.0
928,50,50,5,26,19,White,43.0,3.0,2.0,1.0
929,50,50,19,15,16,White,28.0,4.0,1.0,1.0
930,50,50,11,19,20,White,34.0,4.0,2.0,1.0
931,50,50,15,12,23,White,65.0,4.0,2.0,1.0
932,50,50,9,17,24,White,22.0,3.0,2.0,1.0
933,50,50,20,17,13,White,30.0,3.0,1.0,2.0
934,50,50,17,18,15,White,35.0,2.0,3.0,1.0
935,50,50,19,13,18,White,35.0,3.0,2.0,1.0
936,50,50,6,19,25,White,44.0,4.0,3.0,1.0
937,50,50,15,17,18,White,28.0,4.0,2.0,1.0
938,2,2,0,1,1,Prefer not to say,,,,
939,50,50,0,0,50,White,37.0,4.0,,1.0
943,50,50,40,5,5,White,33.0,4.0,2.0,1.0
944,50,50,14,13,23,Hispanic,27.0,4.0,2.0,1.0
945,50,50,4,22,24,White,33.0,4.0,2.0,1.0
946,50,50,2,35,13,White,43.0,3.0,2.0,1.0
947,50,50,19,13,18,White,32.0,5.0,3.0,1.0
952,50,50,13,21,16,White,26.0,3.0,2.0,1.0
953,50,50,15,21,14,White,31.0,3.0,1.0,1.0
954,50,50,20,16,14,White,39.0,3.0,2.0,1.0
955,50,50,15,20,15,White,38.0,4.0,2.0,1.0
956,50,50,21,15,14,White,35.0,4.0,2.0,1.0
957,50,50,12,21,17,White,30.0,4.0,2.0,1.0
958,50,50,12,28,10,White,54.0,3.0,2.0,1.0
959,50,50,17,17,16,Asian,33.0,4.0,2.0,1.0
960,50,50,21,16,13,White,62.0,4.0,2.0,1.0
961,50,50,14,23,13,White,31.0,3.0,1.0,1.0
962,50,50,13,16,21,White,43.0,2.0,1.0,1.0
963,50,50,9,29,12,White,38.0,3.0,2.0,1.0
964,50,50,9,16,25,White,35.0,1.0,2.0,1.0
965,50,50,17,19,14,Afr american,43.0,4.0,2.0,1.0
966,50,50,12,19,19,Hispanic,32.0,4.0,3.0,1.0
967,50,50,9,22,19,White,26.0,4.0,2.0,1.0
968,50,50,8,23,19,White,62.0,3.0,3.0,1.0
969,50,50,8,23,19,White,40.0,6.0,1.0,1.0
970,50,50,4,12,34,White,39.0,2.0,2.0,1.0
973,50,50,15,23,12,White,40.0,4.0,3.0,1.0
974,50,50,15,22,13,White,29.0,5.0,1.0,1.0
975,50,50,15,18,17,White,32.0,3.0,2.0,1.0
976,50,50,16,16,18,White,30.0,4.0,2.0,1.0
977,50,50,11,13,26,White,62.0,3.0,1.0,1.0
978,50,50,19,17,14,White,51.0,4.0,1.0,1.0
979,50,50,6,18,26,Hispanic,39.0,4.0,2.0,1.0
980,50,50,14,22,14,White,64.0,4.0,3.0,1.0
981,50,50,21,8,21,White,41.0,4.0,1.0,1.0
983,50,50,16,11,23,Hispanic,30.0,5.0,2.0,2.0
984,50,50,17,16,17,White,26.0,2.0,2.0,1.0
986,50,50,14,17,19,White,41.0,4.0,2.0,1.0
987,50,50,11,16,23,White,45.0,3.0,3.0,1.0
988,50,50,7,31,12,Sth else,25.0,4.0,2.0,1.0
989,50,50,23,9,18,Sth else,32.0,5.0,3.0,1.0
990,50,50,18,4,28,White,77.0,4.0,1.0,1.0
991,50,50,12,4,34,Asian,21.0,2.0,2.0,2.0
992,50,50,14,12,24,White,27.0,4.0,2.0,1.0
993,50,50,13,18,19,Sth else,24.0,4.0,2.0,1.0
994,50,50,10,19,21,White,65.0,4.0,2.0,1.0
995,50,50,19,20,11,Hispanic,30.0,4.0,2.0,1.0
996,50,50,36,2,12,White,44.0,4.0,1.0,1.0
997,50,50,21,12,17,White,32.0,5.0,3.0,1.0
998,50,50,22,11,17,White,26.0,4.0,2.0,1.0
999,50,50,18,1,31,White,62.0,3.0,2.0,1.0
1000,50,50,10,21,19,White,23.0,4.0,2.0,1.0
1001,50,50,8,26,16,White,32.0,4.0,3.0,1.0
1002,50,50,4,22,24,White,64.0,4.0,3.0,1.0
1003,50,50,12,19,19,White,19.0,3.0,3.0,1.0
1004,50,50,16,16,18,White,45.0,4.0,1.0,1.0
1005,50,50,26,5,19,White,37.0,4.0,3.0,1.0
1006,50,50,1,26,23,Afr american,29.0,3.0,3.0,1.0
1007,50,50,35,1,14,Hispanic,27.0,3.0,3.0,2.0
1008,50,50,22,14,14,Sth else,42.0,5.0,3.0,2.0
1010,50,50,9,21,20,White,31.0,2.0,3.0,1.0
1011,50,50,18,12,20,White,46.0,2.0,2.0,1.0
1012,50,50,19,14,17,White,26.0,5.0,3.0,1.0
1013,50,50,8,18,24,White,42.0,4.0,3.0,1.0
1014,50,50,31,0,19,White,44.0,3.0,1.0,1.0
1015,50,50,10,19,21,White,45.0,3.0,2.0,1.0
1016,50,50,22,18,10,White,19.0,3.0,1.0,1.0
1017,50,50,10,11,29,White,34.0,3.0,3.0,1.0
1018,50,50,15,17,18,White,36.0,5.0,2.0,1.0
1019,50,50,1,16,33,White,60.0,4.0,2.0,1.0
1020,50,50,6,16,28,Asian,45.0,4.0,2.0,2.0
1022,50,50,11,24,15,White,40.0,4.0,1.0,1.0
1023,50,50,8,27,15,White,30.0,5.0,2.0,1.0
1024,50,50,13,9,28,Afr american,42.0,4.0,2.0,1.0
1025,50,50,15,23,12,White,28.0,5.0,2.0,1.0
1026,50,50,16,17,17,Asian,32.0,4.0,2.0,1.0
1028,50,50,11,18,21,White,31.0,4.0,1.0,1.0
1029,50,50,10,25,15,White,39.0,4.0,3.0,1.0
1030,50,50,11,19,20,White,38.0,4.0,3.0,1.0
1031,50,50,19,19,12,Asian,36.0,3.0,2.0,1.0
1032,50,50,39,1,10,White,35.0,4.0,3.0,1.0
1033,50,50,21,11,18,White,52.0,4.0,1.0,1.0
1034,50,50,25,16,9,White,34.0,5.0,2.0,1.0
1035,50,50,16,12,22,White,28.0,4.0,2.0,1.0
1037,50,50,9,34,7,White,25.0,4.0,2.0,1.0
1038,50,50,13,20,17,White,63.0,3.0,3.0,1.0
1039,50,50,5,25,20,Hispanic,27.0,3.0,3.0,1.0
1040,50,50,38,7,5,White,24.0,4.0,2.0,1.0
1041,50,50,38,3,9,Afr american,47.0,5.0,1.0,1.0
1042,50,50,14,23,13,Asian,19.0,3.0,3.0,1.0
1043,50,50,19,14,17,White,40.0,4.0,1.0,1.0
1044,50,50,22,20,8,White,38.0,4.0,2.0,1.0
1045,50,50,13,17,20,White,23.0,4.0,2.0,1.0
1046,50,50,19,9,22,Hispanic,19.0,2.0,1.0,1.0
1047,50,50,12,20,18,White,35.0,4.0,2.0,1.0
1048,50,50,14,20,16,White,48.0,2.0,3.0,1.0
1049,1,1,0,0,1,Prefer not to say,,,,
1050,50,50,2,0,48,Asian,51.0,4.0,3.0,1.0
1051,50,50,11,20,19,White,64.0,4.0,3.0,1.0
1052,50,50,28,12,10,White,37.0,2.0,3.0,1.0
1053,50,50,18,18,14,White,28.0,6.0,2.0,1.0
1054,50,50,20,14,16,White,25.0,4.0,3.0,1.0
1055,50,50,34,2,14,White,44.0,6.0,2.0,1.0
1057,50,50,15,16,19,White,20.0,2.0,2.0,1.0
1058,50,50,0,0,50,White,44.0,4.0,1.0,1.0
1060,1,1,0,0,1,Prefer not to say,,,,
1062,50,50,5,18,27,Afr american,50.0,4.0,3.0,1.0
1063,50,50,13,18,19,Afr american,23.0,2.0,3.0,1.0
1064,50,50,11,18,21,White,64.0,4.0,1.0,2.0
1065,50,50,15,18,17,White,40.0,2.0,1.0,1.0
1066,50,50,9,18,23,Hispanic,32.0,4.0,2.0,1.0
1067,50,50,27,3,20,White,47.0,2.0,1.0,1.0
1068,50,50,7,24,19,White,67.0,3.0,2.0,1.0
1069,50,50,25,13,12,Asian,50.0,4.0,2.0,2.0
1070,50,50,17,2,31,White,47.0,5.0,2.0,1.0
1071,50,50,13,18,19,Asian,24.0,4.0,2.0,1.0
1072,50,50,12,22,16,White,31.0,3.0,2.0,1.0
1073,50,50,3,26,21,White,37.0,3.0,2.0,1.0
1074,50,50,13,19,18,White,49.0,6.0,2.0,1.0
1075,50,50,18,9,23,White,66.0,4.0,2.0,1.0
1076,50,50,11,23,16,White,41.0,4.0,3.0,1.0
1077,50,50,12,27,11,White,51.0,3.0,3.0,1.0
1078,50,50,21,5,24,White,29.0,4.0,3.0,1.0
1079,50,50,13,22,15,White,40.0,4.0,2.0,1.0
1080,50,50,11,23,16,White,35.0,3.0,2.0,1.0
1081,50,50,13,20,17,Asian,63.0,3.0,1.0,1.0
1082,50,50,10,26,14,White,23.0,4.0,2.0,1.0
1083,50,50,16,19,15,White,21.0,2.0,2.0,1.0
1084,50,50,20,10,20,White,33.0,6.0,1.0,1.0
1085,50,50,13,21,16,White,70.0,2.0,1.0,1.0
1086,50,50,17,23,10,White,24.0,5.0,2.0,2.0
1087,50,50,0,0,50,Asian,37.0,5.0,3.0,2.0
1088,50,50,11,15,24,White,34.0,4.0,1.0,1.0
1089,50,50,9,26,15,White,27.0,2.0,2.0,1.0
1090,50,50,16,8,26,White,40.0,4.0,3.0,1.0
1091,50,50,18,7,25,White,68.0,5.0,2.0,1.0
1092,50,50,12,5,33,Asian,23.0,4.0,2.0,1.0
1093,50,50,12,22,16,Afr american,38.0,4.0,2.0,1.0
1094,50,50,13,20,17,White,28.0,4.0,2.0,2.0
1095,50,50,27,9,14,White,55.0,3.0,2.0,1.0
1096,50,50,18,18,14,White,64.0,5.0,2.0,1.0
1097,50,50,34,2,14,White,34.0,4.0,2.0,1.0
1098,50,50,20,17,13,Afr american,30.0,4.0,3.0,1.0
1099,50,50,19,17,14,White,28.0,2.0,2.0,1.0
1100,50,50,7,23,20,White,72.0,5.0,2.0,1.0
1101,50,50,18,16,16,White,61.0,6.0,2.0,1.0
1102,50,50,13,24,13,White,35.0,4.0,2.0,1.0
1103,50,50,10,22,18,Afr american,32.0,4.0,2.0,1.0
1105,50,50,8,20,22,Hispanic,34.0,4.0,2.0,1.0
1106,50,50,12,24,14,White,38.0,4.0,2.0,1.0
1107,50,50,23,5,22,White,37.0,3.0,3.0,1.0
1108,50,50,14,15,21,Hispanic,25.0,5.0,3.0,1.0
1109,50,50,8,13,29,White,54.0,4.0,1.0,1.0
1110,46,46,20,12,14,Prefer not to say,,,,
1111,50,50,20,15,15,Asian,25.0,4.0,3.0,1.0
1112,50,50,7,26,17,White,59.0,4.0,2.0,1.0
1113,50,50,20,16,14,White,42.0,4.0,3.0,1.0
1114,50,50,11,17,22,White,39.0,2.0,1.0,1.0
1115,50,50,9,24,17,White,61.0,4.0,1.0,1.0
1116,50,50,19,16,15,White,37.0,3.0,2.0,1.0
1117,50,50,31,7,12,White,75.0,6.0,2.0,1.0
1118,50,50,14,14,22,White,40.0,3.0,2.0,1.0
1119,50,50,10,25,15,White,52.0,3.0,1.0,1.0
1120,50,50,23,13,14,White,60.0,5.0,2.0,1.0
1121,50,50,24,13,13,Afr american,23.0,3.0,3.0,1.0
1122,50,50,19,6,25,White,28.0,4.0,2.0,1.0
1123,50,50,4,31,15,White,36.0,5.0,3.0,1.0
1124,50,50,14,18,18,White,59.0,3.0,2.0,1.0
1125,50,50,18,13,19,White,23.0,2.0,2.0,1.0
1126,50,50,4,14,32,White,40.0,2.0,2.0,1.0
1127,50,50,14,26,10,White,49.0,3.0,2.0,1.0
1128,50,50,9,21,20,Afr american,27.0,3.0,2.0,1.0
1129,50,50,6,27,17,Hispanic,31.0,4.0,3.0,1.0
1130,50,50,30,2,18,White,23.0,4.0,2.0,2.0
1131,50,50,17,19,14,Prefer not,65.0,4.0,3.0,1.0
1132,50,50,5,23,22,White,48.0,2.0,2.0,1.0
1133,50,50,10,24,16,Afr american,37.0,3.0,2.0,1.0
1134,50,50,8,21,21,Asian,23.0,4.0,2.0,1.0
1135,50,50,20,7,23,Afr american,23.0,4.0,2.0,1.0
1136,50,50,10,16,24,Asian,53.0,4.0,2.0,1.0
1137,50,50,6,24,20,White,54.0,5.0,2.0,1.0
1140,50,50,11,20,19,White,61.0,4.0,2.0,1.0
1141,50,50,5,13,32,Afr american,21.0,2.0,3.0,1.0
1142,50,50,10,17,23,Afr american,23.0,4.0,2.0,1.0
1143,50,50,28,14,8,White,36.0,4.0,3.0,1.0
1144,50,50,16,12,22,Hispanic,33.0,3.0,3.0,1.0
1145,50,50,22,10,18,White,47.0,4.0,2.0,1.0
1146,50,50,14,12,24,Asian,28.0,4.0,2.0,1.0
1148,50,50,22,3,25,Afr american,29.0,4.0,2.0,1.0
1149,50,50,10,16,24,White,58.0,4.0,2.0,1.0
1150,50,50,18,25,7,White,62.0,2.0,3.0,1.0
1151,50,50,30,8,12,White,59.0,5.0,2.0,1.0
1152,50,50,25,11,14,White,72.0,4.0,2.0,1.0
1153,50,50,7,22,21,White,33.0,3.0,3.0,1.0
1154,50,50,40,0,10,White,57.0,4.0,1.0,1.0
1155,50,50,24,10,16,White,51.0,2.0,1.0,1.0
1156,50,50,8,9,33,White,60.0,4.0,2.0,1.0
1157,50,50,34,3,13,Afr american,48.0,4.0,2.0,1.0
1158,50,50,21,11,18,White,59.0,4.0,2.0,1.0
1159,50,50,12,17,21,White,42.0,3.0,1.0,1.0
1160,50,50,17,12,21,White,55.0,3.0,2.0,1.0
1161,50,50,36,9,5,White,37.0,5.0,2.0,1.0
1162,50,50,40,7,3,White,29.0,4.0,2.0,1.0
1163,50,50,12,7,31,White,41.0,3.0,2.0,1.0
1165,50,50,9,19,22,White,41.0,5.0,1.0,1.0
1167,50,50,23,11,16,White,58.0,3.0,2.0,1.0
1168,50,50,17,10,23,Hispanic,37.0,4.0,2.0,1.0
1169,31,31,9,9,13,Prefer not to say,,,,
1170,50,50,14,18,18,White,69.0,3.0,1.0,1.0
1171,50,50,14,21,15,White,51.0,5.0,3.0,1.0
1173,50,50,11,26,13,White,43.0,3.0,2.0,1.0
1174,50,50,9,23,18,White,56.0,3.0,2.0,1.0
1175,50,50,18,19,13,Asian,21.0,3.0,2.0,1.0
1176,50,50,14,9,27,White,60.0,4.0,1.0,1.0
1177,50,50,12,22,16,Hispanic,32.0,4.0,3.0,1.0
1178,50,50,12,13,25,White,50.0,2.0,3.0,1.0
1179,50,50,16,18,16,White,44.0,3.0,2.0,1.0
1180,50,50,16,21,13,White,47.0,5.0,2.0,1.0
1181,50,50,14,23,13,White,34.0,2.0,3.0,1.0
1182,50,50,18,13,19,White,34.0,3.0,3.0,1.0
1183,50,50,25,14,11,Asian,24.0,4.0,2.0,1.0
1184,50,50,13,24,13,White,23.0,2.0,3.0,1.0
1185,50,50,15,19,16,Asian,40.0,4.0,2.0,1.0
1186,50,50,15,13,22,Asian,38.0,4.0,3.0,1.0
1187,50,50,31,11,8,White,26.0,4.0,2.0,1.0
1188,50,50,12,24,14,Afr american,32.0,4.0,2.0,1.0
1189,50,50,19,26,5,Afr american,30.0,4.0,2.0,1.0
1190,50,50,17,17,16,White,31.0,3.0,1.0,1.0
1191,50,50,12,17,21,White,47.0,4.0,1.0,1.0
1192,50,50,12,17,21,White,60.0,4.0,1.0,1.0
1193,50,50,31,5,14,White,53.0,4.0,2.0,1.0
1194,50,50,1,30,19,Asian,25.0,2.0,3.0,2.0
1195,50,50,11,19,20,White,70.0,3.0,2.0,1.0
1196,50,50,15,17,18,White,29.0,6.0,2.0,1.0
1197,50,50,20,18,12,White,44.0,4.0,2.0,1.0
1198,50,50,29,13,8,White,29.0,3.0,2.0,1.0
1199,50,50,17,21,12,White,34.0,3.0,3.0,1.0
1200,50,50,14,21,15,White,43.0,5.0,3.0,1.0
1201,50,50,18,17,15,White,66.0,5.0,2.0,1.0
1202,50,50,28,10,12,White,39.0,4.0,2.0,1.0
1203,50,50,31,0,19,Hispanic,32.0,3.0,2.0,1.0
1204,50,50,21,12,17,White,58.0,5.0,2.0,1.0
1205,50,50,16,15,19,Afr american,37.0,4.0,3.0,1.0
1206,50,50,35,5,10,White,47.0,5.0,3.0,1.0
1207,24,24,7,6,11,Prefer not to say,,,,
1208,50,50,2,25,23,White,55.0,2.0,3.0,1.0
1209,50,50,13,22,15,White,58.0,4.0,1.0,1.0
1210,50,50,11,20,19,Asian,31.0,4.0,3.0,1.0
1211,50,50,5,22,23,White,41.0,4.0,2.0,1.0
1212,50,50,16,18,16,White,45.0,5.0,2.0,1.0
1213,50,50,17,28,5,White,58.0,3.0,3.0,1.0
1214,50,50,12,23,15,Afr american,39.0,2.0,2.0,1.0
1215,50,50,17,15,18,White,32.0,4.0,3.0,1.0
1216,50,50,12,19,19,White,77.0,4.0,2.0,1.0
1217,50,50,21,17,12,White,28.0,4.0,3.0,1.0
1218,50,50,14,25,11,White,46.0,5.0,1.0,1.0
1219,50,50,14,12,24,White,36.0,5.0,2.0,1.0
1220,50,50,17,13,20,Hispanic,58.0,4.0,2.0,1.0
1221,50,50,17,15,18,White,61.0,4.0,1.0,1.0
1222,50,50,7,13,30,White,61.0,2.0,1.0,1.0
1223,50,50,25,7,18,White,44.0,2.0,,1.0
1224,50,50,15,22,13,Hispanic,22.0,3.0,3.0,2.0
1225,50,50,33,11,6,White,59.0,4.0,2.0,1.0
1226,50,50,13,20,17,White,34.0,4.0,3.0,1.0
1227,50,50,11,23,16,Hispanic,41.0,3.0,3.0,1.0
1228,50,50,19,15,16,White,53.0,2.0,3.0,1.0
1229,50,50,3,30,17,White,76.0,2.0,2.0,1.0
1230,50,50,13,23,14,Asian,27.0,4.0,2.0,1.0
1231,50,50,6,28,16,White,40.0,4.0,2.0,1.0
1232,50,50,32,8,10,White,51.0,6.0,2.0,1.0
1233,50,50,34,8,8,White,61.0,5.0,3.0,1.0
1234,50,50,15,23,12,Afr american,37.0,4.0,2.0,1.0
1235,50,50,21,18,11,Afr american,19.0,2.0,3.0,1.0
1236,50,50,14,19,17,White,50.0,4.0,2.0,1.0
1237,50,50,10,27,13,White,36.0,4.0,2.0,1.0
1238,50,50,20,16,14,White,27.0,6.0,2.0,1.0
1240,50,50,19,0,31,White,40.0,4.0,1.0,1.0
1241,50,50,22,16,12,White,56.0,4.0,2.0,1.0
1242,50,50,9,25,16,Afr american,34.0,4.0,2.0,1.0
1243,50,50,19,16,15,White,41.0,4.0,2.0,1.0
1244,50,50,16,19,15,White,27.0,2.0,3.0,1.0
1245,50,50,15,20,15,White,35.0,4.0,2.0,1.0
1247,50,50,12,27,11,White,47.0,3.0,2.0,1.0
1248,50,50,13,23,14,White,34.0,4.0,2.0,1.0
1249,50,50,9,23,18,White,22.0,4.0,3.0,1.0
1250,50,50,12,24,14,White,75.0,5.0,2.0,1.0
1251,50,50,11,24,15,White,52.0,6.0,1.0,1.0
1252,50,50,14,17,19,White,71.0,4.0,2.0,1.0
1253,50,50,10,19,21,White,64.0,4.0,2.0,1.0
1255,50,50,16,14,20,White,58.0,4.0,2.0,1.0
1256,50,50,10,22,18,White,44.0,4.0,1.0,1.0
1257,50,50,12,16,22,White,40.0,4.0,3.0,1.0
1258,50,50,4,22,24,White,36.0,4.0,2.0,1.0
1259,50,50,18,10,22,White,50.0,2.0,2.0,1.0
1260,50,50,18,20,12,Prefer not,22.0,5.0,2.0,1.0
1261,50,50,9,21,20,Hispanic,20.0,3.0,2.0,1.0
1262,50,50,5,27,18,White,40.0,5.0,2.0,1.0
1263,50,50,11,28,11,White,57.0,4.0,2.0,1.0
1264,50,50,5,26,19,Afr american,24.0,4.0,2.0,1.0
1265,50,50,13,25,12,White,30.0,5.0,2.0,1.0
1269,50,50,9,29,12,White,38.0,4.0,3.0,1.0
1270,50,50,15,18,17,White,27.0,4.0,1.0,1.0
1271,50,50,9,15,26,White,51.0,2.0,2.0,1.0
1273,50,50,18,14,18,White,31.0,2.0,1.0,1.0
1274,50,50,15,15,20,White,61.0,3.0,1.0,1.0
1275,50,50,31,7,12,White,27.0,4.0,1.0,1.0
1276,50,50,11,22,17,White,35.0,3.0,2.0,1.0
1277,50,50,21,15,14,White,28.0,4.0,3.0,1.0
1278,50,50,8,26,16,White,45.0,4.0,3.0,1.0
1279,50,50,17,16,17,White,58.0,4.0,1.0,1.0
1280,50,50,21,18,11,Asian,27.0,2.0,3.0,1.0
1281,50,50,17,10,23,White,69.0,3.0,3.0,1.0
1283,50,50,12,18,20,White,29.0,3.0,2.0,1.0
1284,50,50,14,25,11,White,49.0,3.0,2.0,1.0
1285,50,50,30,7,13,White,62.0,3.0,1.0,1.0
1286,50,50,10,21,19,White,52.0,6.0,2.0,1.0
1287,50,50,17,14,19,White,53.0,4.0,2.0,1.0
1288,50,50,13,16,21,White,29.0,4.0,2.0,1.0
1289,50,50,8,33,9,Afr american,48.0,4.0,2.0,1.0
1290,2,2,0,0,2,Prefer not to say,,,,
1291,50,50,17,13,20,White,47.0,6.0,2.0,1.0
1292,50,50,18,18,14,Afr american,40.0,4.0,2.0,1.0
1293,50,50,14,23,13,Asian,25.0,4.0,2.0,1.0
1294,50,50,6,26,18,Afr american,20.0,3.0,3.0,1.0
1295,50,50,15,10,25,White,33.0,2.0,3.0,1.0
1296,50,50,21,13,16,White,29.0,4.0,2.0,1.0
1297,50,50,15,13,22,White,27.0,6.0,2.0,1.0
1298,50,50,18,14,18,White,60.0,2.0,1.0,1.0
1299,50,50,32,9,9,Hispanic,57.0,5.0,3.0,2.0
1300,3,3,0,0,3,Prefer not to say,,,,
1301,50,50,11,21,18,White,62.0,2.0,1.0,1.0
1302,50,50,13,18,19,White,21.0,3.0,2.0,1.0
1303,50,50,13,23,14,White,68.0,4.0,2.0,1.0
1304,50,50,2,21,27,Sth else,53.0,3.0,2.0,1.0
1305,50,50,5,19,26,White,75.0,4.0,3.0,1.0
1306,50,50,4,27,19,Afr american,29.0,2.0,3.0,1.0
1307,50,50,25,14,11,White,49.0,4.0,2.0,1.0
1308,50,50,7,27,16,White,37.0,5.0,2.0,1.0
1309,50,50,10,21,19,White,38.0,4.0,1.0,1.0
1310,50,50,7,26,17,White,52.0,4.0,2.0,1.0
1311,50,50,11,24,15,White,52.0,4.0,1.0,1.0
1312,50,50,9,30,11,White,27.0,4.0,2.0,1.0
1313,50,50,16,12,22,White,57.0,3.0,3.0,1.0
1314,50,50,18,14,18,White,24.0,2.0,1.0,1.0
1315,50,50,14,24,12,Afr american,38.0,4.0,2.0,1.0
1316,50,50,12,13,25,White,57.0,3.0,3.0,1.0
1317,50,50,12,9,29,White,46.0,3.0,2.0,1.0
1318,50,50,21,11,18,Asian,50.0,6.0,1.0,2.0
1319,50,50,14,12,24,White,52.0,2.0,3.0,1.0
1320,50,50,19,17,14,Asian,27.0,4.0,2.0,1.0
1321,50,50,9,22,19,Asian,35.0,3.0,2.0,2.0
1322,50,50,16,24,10,Hispanic,40.0,4.0,1.0,1.0
1323,50,50,6,27,17,White,28.0,4.0,2.0,1.0
1324,50,50,15,27,8,White,25.0,3.0,2.0,1.0
1325,50,50,5,24,21,Afr american,32.0,5.0,2.0,1.0
1326,50,50,14,12,24,White,23.0,5.0,2.0,1.0
1327,11,11,7,2,2,Prefer not to say,,,,
1328,50,50,27,12,11,White,49.0,5.0,2.0,1.0
1330,50,50,9,19,22,White,49.0,3.0,1.0,1.0
1331,50,50,22,13,15,White,47.0,4.0,3.0,1.0
1332,50,50,9,23,18,Afr american,37.0,3.0,2.0,1.0
1333,50,50,28,9,13,White,42.0,6.0,2.0,1.0
1334,50,50,23,13,14,White,72.0,5.0,3.0,1.0
1335,50,50,16,9,25,White,27.0,4.0,2.0,1.0
1337,50,50,19,16,15,Afr american,58.0,4.0,2.0,1.0
1338,50,50,17,18,15,White,35.0,5.0,2.0,1.0
1339,50,50,10,19,21,White,35.0,4.0,3.0,1.0
1340,50,50,25,6,19,Prefer not,36.0,5.0,3.0,1.0
1341,50,50,13,18,19,Hispanic,32.0,2.0,2.0,1.0
1342,50,50,25,2,23,Sth else,50.0,4.0,1.0,1.0
1343,50,50,8,17,25,White,37.0,2.0,1.0,1.0
1344,50,50,27,13,10,Asian,46.0,4.0,3.0,1.0
1345,50,50,30,16,4,White,44.0,3.0,1.0,1.0
1346,50,50,16,17,17,White,62.0,3.0,1.0,1.0
1347,50,50,21,13,16,Sth else,35.0,5.0,1.0,1.0
1348,50,50,9,26,15,White,28.0,2.0,3.0,1.0
1349,50,50,24,7,19,Hispanic,27.0,4.0,2.0,1.0
1350,50,50,23,15,12,White,38.0,3.0,2.0,1.0
1351,50,50,23,4,23,White,40.0,4.0,2.0,1.0
1352,50,50,15,17,18,Hispanic,26.0,2.0,3.0,1.0
1353,50,50,17,16,17,White,24.0,4.0,3.0,1.0
1354,50,50,27,3,20,White,60.0,2.0,1.0,1.0
1355,50,50,21,13,16,Afr american,35.0,3.0,3.0,1.0
1356,50,50,11,13,26,White,35.0,3.0,2.0,1.0
1357,50,50,10,4,36,White,25.0,4.0,2.0,1.0
1358,50,50,19,18,13,White,34.0,2.0,2.0,1.0
1359,50,50,21,11,18,White,65.0,2.0,3.0,1.0
1360,50,50,24,15,11,White,60.0,4.0,1.0,1.0
1361,50,50,20,14,16,White,53.0,2.0,2.0,1.0
1363,50,50,21,9,20,White,56.0,3.0,1.0,1.0
1364,50,50,10,1,39,White,24.0,3.0,2.0,1.0
1366,50,50,21,13,16,White,47.0,4.0,2.0,1.0
1367,50,50,23,13,14,White,30.0,2.0,2.0,1.0
1368,50,50,11,14,25,Afr american,37.0,2.0,2.0,1.0
1369,50,50,22,12,16,White,56.0,4.0,1.0,1.0
1370,50,50,17,16,17,White,55.0,4.0,2.0,1.0
1371,50,50,15,11,24,White,20.0,3.0,2.0,1.0
1372,50,50,22,8,20,White,38.0,5.0,2.0,1.0
1373,50,50,26,9,15,White,34.0,5.0,2.0,1.0
1375,50,50,22,16,12,White,28.0,4.0,3.0,1.0
1376,50,50,16,13,21,White,70.0,3.0,2.0,1.0
1377,50,50,26,0,24,Afr american,32.0,4.0,3.0,1.0
1378,50,50,35,3,12,White,24.0,4.0,1.0,1.0
1379,50,50,9,27,14,Afr american,32.0,3.0,2.0,1.0
1380,50,50,16,0,34,Afr american,37.0,4.0,2.0,1.0
1381,50,50,11,23,16,Afr american,28.0,3.0,2.0,1.0
1382,50,50,10,23,17,White,33.0,4.0,3.0,1.0
1383,50,50,27,1,22,Asian,53.0,5.0,2.0,1.0
1385,50,50,10,19,21,White,43.0,4.0,2.0,1.0
1386,50,50,11,21,18,White,63.0,4.0,2.0,1.0
1387,50,50,10,15,25,White,34.0,4.0,2.0,1.0
1389,50,50,18,10,22,White,35.0,4.0,2.0,1.0
1390,50,50,32,5,13,White,43.0,4.0,3.0,1.0
1391,50,50,48,0,2,Afr american,22.0,1.0,2.0,1.0
1392,50,50,21,9,20,White,35.0,4.0,2.0,1.0
1393,2,2,0,0,2,Prefer not to say,,,,
1394,3,3,1,1,1,Prefer not to say,,,,
1395,45,45,10,21,14,Prefer not to say,,,,
1396,50,50,14,11,25,White,48.0,5.0,2.0,1.0
1397,50,50,27,11,12,White,59.0,3.0,1.0,1.0
1398,50,50,6,33,11,White,58.0,4.0,1.0,1.0
1399,50,50,6,14,30,White,30.0,4.0,2.0,1.0
1400,50,50,22,20,8,White,36.0,5.0,2.0,1.0
1401,10,10,3,3,4,Prefer not to say,,,,
1402,50,50,32,9,9,Afr american,40.0,5.0,3.0,1.0
1403,50,50,32,9,9,Asian,34.0,4.0,3.0,2.0
1404,50,50,17,13,20,White,41.0,5.0,3.0,1.0
1405,50,50,9,26,15,White,27.0,4.0,2.0,1.0
1406,50,50,9,20,21,White,19.0,2.0,3.0,1.0
1407,50,50,6,19,25,White,38.0,4.0,3.0,1.0
1408,50,50,24,16,10,Hispanic,33.0,4.0,3.0,1.0
1409,50,50,17,16,17,White,41.0,5.0,3.0,2.0
1410,50,50,21,13,16,White,42.0,4.0,1.0,1.0
1411,50,50,10,29,11,Sth else,23.0,3.0,2.0,1.0
1412,50,50,10,26,14,White,39.0,4.0,3.0,1.0
1413,50,50,16,20,14,Asian,21.0,4.0,2.0,1.0
1414,50,50,27,5,18,White,46.0,2.0,2.0,1.0
1416,50,50,22,9,19,White,61.0,3.0,3.0,1.0
1417,50,50,22,19,9,White,30.0,3.0,2.0,1.0
1418,50,50,13,20,17,White,36.0,4.0,2.0,1.0
1419,50,50,11,23,16,White,40.0,4.0,3.0,1.0
1420,50,50,18,16,16,White,49.0,4.0,2.0,1.0
1421,50,50,14,23,13,Afr american,36.0,2.0,2.0,1.0
1422,50,50,9,19,22,White,28.0,4.0,2.0,1.0
1423,50,50,15,18,17,White,41.0,5.0,2.0,1.0
1424,1,1,0,0,1,Prefer not to say,,,,
1425,50,50,23,13,14,White,30.0,4.0,2.0,1.0
1426,50,50,16,9,25,Asian,41.0,4.0,3.0,1.0
1427,50,50,22,18,10,Hispanic,48.0,5.0,1.0,1.0
1430,50,50,11,23,16,Afr american,24.0,3.0,3.0,1.0
1431,50,50,18,9,23,White,19.0,3.0,2.0,1.0
1432,50,50,16,12,22,White,66.0,3.0,1.0,1.0
1436,50,50,9,25,16,Afr american,59.0,4.0,2.0,1.0
1437,50,50,4,25,21,White,31.0,6.0,3.0,1.0
1438,50,50,23,14,13,White,43.0,2.0,1.0,1.0
1439,50,50,38,3,9,Asian,37.0,4.0,3.0,1.0
1440,50,50,5,19,26,White,47.0,4.0,3.0,1.0
1441,50,50,17,14,19,Hispanic,47.0,4.0,1.0,1.0
1442,50,50,19,7,24,White,64.0,3.0,2.0,1.0
1443,50,50,11,24,15,Afr american,41.0,4.0,1.0,1.0
1444,50,50,19,5,26,White,32.0,5.0,2.0,1.0
1445,50,50,16,23,11,Afr american,48.0,4.0,3.0,1.0
1447,50,50,12,19,19,White,32.0,3.0,2.0,1.0
1449,50,50,7,25,18,White,44.0,4.0,3.0,1.0
1450,50,50,19,5,26,White,32.0,4.0,2.0,1.0
1451,50,50,14,24,12,White,24.0,4.0,3.0,1.0
1452,50,50,32,2,16,White,54.0,4.0,3.0,1.0
1453,50,50,16,11,23,White,70.0,4.0,3.0,1.0
1455,50,50,17,13,20,White,22.0,4.0,2.0,1.0
1456,50,50,15,5,30,White,40.0,3.0,2.0,1.0
1457,50,50,11,21,18,White,30.0,3.0,3.0,1.0
1459,50,50,18,18,14,White,36.0,3.0,2.0,1.0
1460,50,50,32,9,9,White,48.0,4.0,1.0,1.0
1461,50,50,35,1,14,Afr american,24.0,2.0,2.0,1.0
1462,50,50,13,20,17,White,37.0,5.0,2.0,1.0
1463,25,25,10,5,10,Prefer not to say,,,,
1464,50,50,17,14,19,White,30.0,4.0,3.0,1.0
1465,11,11,7,0,4,Prefer not to say,,,,
1466,50,50,17,9,24,White,58.0,3.0,3.0,1.0
1467,50,50,11,21,18,White,39.0,5.0,3.0,1.0
1468,50,50,11,26,13,Hispanic,28.0,3.0,3.0,1.0
1469,50,50,18,19,13,White,59.0,3.0,3.0,1.0
1470,50,50,10,22,18,White,50.0,5.0,2.0,1.0
1471,50,50,8,16,26,White,31.0,5.0,1.0,2.0
1472,50,50,14,23,13,White,27.0,4.0,3.0,1.0
1473,50,50,33,0,17,White,56.0,4.0,3.0,1.0
1474,50,50,10,20,20,Afr american,46.0,4.0,2.0,1.0
1475,50,50,35,4,11,White,28.0,2.0,3.0,1.0
1476,50,50,10,16,24,White,47.0,2.0,2.0,1.0
1477,50,50,18,12,20,White,40.0,5.0,2.0,1.0
1478,50,50,0,0,50,White,55.0,2.0,3.0,1.0
1479,50,50,13,20,17,White,49.0,5.0,2.0,1.0
1480,50,50,13,14,23,White,52.0,3.0,3.0,1.0
1481,50,50,7,27,16,White,59.0,4.0,3.0,1.0
1482,50,50,15,23,12,White,69.0,4.0,2.0,1.0
1483,50,50,13,18,19,White,49.0,4.0,2.0,1.0
1484,50,50,0,29,21,Sth else,23.0,4.0,3.0,1.0
1485,50,50,18,18,14,Afr american,38.0,2.0,2.0,1.0
1486,50,50,16,22,12,White,29.0,5.0,2.0,1.0
1487,50,50,16,18,16,White,25.0,4.0,2.0,1.0
1488,50,50,15,16,19,White,29.0,2.0,1.0,1.0
1489,50,50,14,20,16,White,33.0,5.0,2.0,1.0
1490,50,50,24,8,18,White,37.0,4.0,2.0,1.0
1491,50,50,10,17,23,White,48.0,4.0,1.0,1.0
1492,50,50,9,28,13,Hispanic,23.0,3.0,2.0,2.0
1493,2,2,0,1,1,Prefer not to say,,,,
1494,50,50,37,0,13,White,32.0,2.0,3.0,1.0
1495,50,50,17,15,18,White,59.0,4.0,1.0,1.0
1496,50,50,12,15,23,White,28.0,4.0,2.0,1.0
1497,50,50,19,12,19,White,38.0,3.0,1.0,1.0
1498,50,50,22,12,16,White,38.0,2.0,2.0,1.0
1499,50,50,12,23,15,White,29.0,4.0,2.0,1.0
1500,50,50,19,15,16,White,36.0,2.0,3.0,1.0
1501,4,4,0,1,3,Prefer not to say,,,,
1502,50,50,18,20,12,White,46.0,4.0,1.0,1.0
1503,50,50,16,16,18,White,68.0,5.0,2.0,1.0
1504,50,50,18,14,18,White,36.0,5.0,1.0,1.0
1505,3,3,0,0,3,Prefer not to say,,,,
1506,50,50,19,19,12,White,44.0,3.0,2.0,1.0
1507,50,50,12,22,16,White,72.0,5.0,2.0,1.0
1508,50,50,12,20,18,White,49.0,4.0,3.0,1.0
1509,50,50,5,22,23,White,56.0,4.0,3.0,1.0
1510,50,50,9,20,21,Prefer not,59.0,4.0,3.0,1.0
1511,50,50,12,25,13,Asian,25.0,4.0,2.0,1.0
1512,50,50,4,27,19,Hispanic,25.0,3.0,3.0,1.0
1513,50,50,16,25,9,Afr american,29.0,3.0,3.0,1.0
1514,50,50,13,21,16,White,30.0,2.0,3.0,1.0
1515,50,50,10,23,17,White,34.0,4.0,3.0,1.0
1516,50,50,6,20,24,Asian,27.0,5.0,2.0,1.0
1517,50,50,17,14,19,White,41.0,2.0,3.0,1.0
1519,50,50,16,17,17,White,34.0,4.0,2.0,1.0
1521,50,50,20,22,8,White,33.0,4.0,2.0,1.0
1522,50,50,12,24,14,White,35.0,2.0,3.0,1.0
1524,4,4,0,0,4,Prefer not to say,,,,
1525,3,3,1,2,0,Prefer not to say,,,,
1526,50,50,19,13,18,White,21.0,3.0,1.0,1.0
1527,50,50,5,21,24,Asian,32.0,4.0,2.0,1.0
1528,50,50,11,21,18,White,39.0,4.0,3.0,2.0
1529,50,50,15,18,17,Hispanic,27.0,3.0,2.0,1.0
1530,50,50,14,23,13,White,37.0,5.0,3.0,1.0
1531,50,50,22,13,15,White,29.0,4.0,2.0,1.0
1532,50,50,23,10,17,White,45.0,5.0,1.0,1.0
1533,50,50,14,16,20,White,30.0,4.0,2.0,1.0
1534,50,50,13,24,13,White,29.0,4.0,3.0,1.0
1535,50,50,17,24,9,White,38.0,3.0,2.0,1.0
1536,50,50,12,24,14,Hispanic,26.0,4.0,1.0,1.0
1537,50,50,8,26,16,Afr american,26.0,4.0,3.0,1.0
1538,50,50,14,25,11,White,33.0,2.0,2.0,1.0
1539,50,50,5,24,21,Afr american,40.0,2.0,2.0,1.0
1540,50,50,16,23,11,White,37.0,6.0,2.0,1.0
1541,50,50,17,13,20,White,42.0,3.0,3.0,1.0
1542,50,50,6,30,14,White,30.0,5.0,3.0,1.0
1543,50,50,6,26,18,White,38.0,6.0,3.0,1.0
1544,50,50,14,16,20,White,41.0,3.0,1.0,1.0
1545,50,50,15,15,20,White,30.0,4.0,1.0,1.0
1546,50,50,14,17,19,White,54.0,4.0,2.0,1.0
1547,50,50,7,3,40,White,34.0,5.0,1.0,1.0
1548,50,50,17,13,20,White,36.0,3.0,3.0,1.0
1549,50,50,9,20,21,White,27.0,3.0,1.0,1.0
1550,50,50,13,23,14,White,37.0,2.0,2.0,1.0
1551,50,50,26,12,12,Hispanic,22.0,4.0,2.0,2.0
1552,50,50,16,15,19,White,41.0,3.0,2.0,1.0
1553,50,50,9,12,29,White,41.0,3.0,1.0,1.0
1554,50,50,15,21,14,White,33.0,3.0,3.0,1.0
1555,50,50,15,19,16,White,60.0,4.0,3.0,1.0
1556,50,50,10,21,19,Asian,25.0,4.0,2.0,1.0
1557,50,50,5,19,26,Afr american,58.0,4.0,2.0,1.0
1558,50,50,21,13,16,White,33.0,3.0,1.0,1.0
1560,3,3,0,0,3,Prefer not to say,,,,
1561,50,50,19,16,15,White,22.0,2.0,3.0,1.0
1562,50,50,14,18,18,White,42.0,4.0,2.0,1.0
1563,50,50,14,15,21,White,20.0,3.0,2.0,1.0
1564,50,50,9,28,13,Sth else,31.0,6.0,2.0,2.0
1565,50,50,13,19,18,White,24.0,3.0,2.0,1.0
1566,50,50,32,8,10,White,31.0,4.0,2.0,1.0
1567,50,50,10,18,22,White,31.0,3.0,2.0,1.0
1568,50,50,12,20,18,White,27.0,2.0,1.0,1.0
1569,50,50,11,23,16,White,29.0,4.0,2.0,1.0
1570,50,50,15,17,18,White,19.0,3.0,2.0,1.0
1571,50,50,19,22,9,White,28.0,2.0,3.0,1.0
1572,50,50,9,22,19,Asian,28.0,5.0,2.0,1.0
1573,50,50,10,16,24,White,30.0,3.0,1.0,1.0
1574,50,50,16,9,25,White,59.0,3.0,2.0,1.0
1575,50,50,14,13,23,White,47.0,2.0,1.0,1.0
1576,50,50,12,24,14,Asian,37.0,1.0,2.0,2.0
1577,50,50,22,15,13,White,62.0,4.0,2.0,1.0
1578,50,50,14,18,18,White,50.0,4.0,2.0,1.0
1579,50,50,18,9,23,White,50.0,4.0,1.0,1.0
1580,50,50,14,17,19,White,63.0,3.0,1.0,1.0
1581,50,50,21,9,20,White,62.0,4.0,3.0,1.0
1582,50,50,13,19,18,Sth else,50.0,3.0,1.0,1.0
1583,50,50,12,23,15,White,26.0,3.0,3.0,1.0
1584,50,50,13,13,24,White,37.0,3.0,2.0,1.0
1585,50,50,14,18,18,White,50.0,4.0,2.0,1.0
1586,50,50,5,27,18,White,24.0,4.0,3.0,1.0
1587,50,50,20,13,17,White,60.0,4.0,2.0,1.0
1588,1,1,0,0,1,Prefer not to say,,,,
1589,50,50,20,12,18,Hispanic,20.0,3.0,2.0,1.0
1590,50,50,24,7,19,White,40.0,4.0,3.0,1.0
1591,50,50,13,21,16,White,50.0,4.0,2.0,1.0
1592,50,50,21,14,15,White,37.0,4.0,3.0,1.0
1593,50,50,13,10,27,Asian,38.0,5.0,3.0,2.0
1594,50,50,14,21,15,White,41.0,1.0,2.0,1.0
1595,50,50,19,21,10,Afr american,33.0,4.0,3.0,1.0
1596,50,50,24,15,11,Hispanic,34.0,4.0,2.0,1.0
1597,2,2,0,0,2,Prefer not to say,,,,
1598,50,50,20,17,13,White,30.0,2.0,1.0,1.0
1599,50,50,2,16,32,Prefer not,47.0,4.0,3.0,1.0
1600,50,50,22,21,7,White,21.0,2.0,2.0,1.0
1601,50,50,18,18,14,White,75.0,3.0,3.0,1.0
1602,50,50,22,10,18,Hispanic,28.0,4.0,1.0,1.0
1603,50,50,18,13,19,White,44.0,4.0,3.0,1.0
1604,50,50,19,21,10,White,38.0,4.0,1.0,1.0
1605,50,50,9,19,22,White,33.0,4.0,3.0,1.0
1606,50,50,18,16,16,Afr american,30.0,4.0,2.0,1.0
1607,50,50,12,23,15,White,47.0,2.0,1.0,1.0
1608,50,50,21,14,15,White,70.0,4.0,1.0,1.0
1610,50,50,22,16,12,Afr american,40.0,2.0,3.0,1.0
1611,50,50,8,22,20,White,27.0,4.0,2.0,1.0
1612,50,50,8,21,21,White,42.0,5.0,3.0,1.0
1613,50,50,12,24,14,White,34.0,4.0,2.0,1.0
1614,50,50,18,14,18,White,44.0,4.0,1.0,1.0
1615,50,50,9,0,41,White,73.0,4.0,3.0,1.0
1616,50,50,31,5,14,White,33.0,4.0,2.0,1.0
1617,50,50,15,20,15,White,38.0,4.0,2.0,1.0
1618,50,50,5,33,12,White,33.0,4.0,2.0,1.0
1619,50,50,19,2,29,White,24.0,4.0,2.0,1.0
1620,50,50,18,11,21,White,65.0,3.0,2.0,1.0
1621,50,50,12,15,23,White,41.0,4.0,3.0,1.0
1623,50,50,14,14,22,White,38.0,4.0,2.0,1.0
1625,50,50,20,6,24,White,31.0,2.0,1.0,1.0
1626,50,50,14,6,30,White,61.0,5.0,2.0,2.0
1627,50,50,21,14,15,Afr american,47.0,3.0,3.0,1.0
1628,50,50,11,24,15,White,32.0,1.0,3.0,1.0
1629,50,50,12,19,19,White,29.0,4.0,3.0,1.0
1630,50,50,12,21,17,White,21.0,3.0,2.0,1.0
1631,50,50,25,9,16,Hispanic,50.0,3.0,2.0,1.0
1632,50,50,9,22,19,White,29.0,4.0,3.0,1.0
1633,50,50,16,14,20,White,58.0,4.0,1.0,1.0
1634,50,50,9,11,30,White,31.0,3.0,1.0,1.0
1635,50,50,19,15,16,Prefer not,24.0,4.0,2.0,1.0
1636,50,50,12,27,11,White,71.0,4.0,2.0,1.0
1637,50,50,8,15,27,White,30.0,2.0,2.0,1.0
1638,50,50,14,21,15,White,23.0,3.0,2.0,1.0
1639,50,50,11,11,28,Hispanic,53.0,4.0,1.0,1.0
1640,50,50,22,16,12,White,38.0,3.0,2.0,1.0
1641,50,50,23,12,15,White,29.0,4.0,2.0,1.0
1642,50,50,39,1,10,White,22.0,2.0,1.0,1.0
1643,50,50,16,15,19,White,40.0,2.0,2.0,1.0
1644,50,50,15,17,18,White,54.0,4.0,2.0,1.0
1645,50,50,7,19,24,White,47.0,3.0,3.0,1.0
1646,50,50,36,1,13,White,33.0,4.0,2.0,1.0
1647,50,50,10,26,14,White,35.0,4.0,2.0,1.0
1648,50,50,28,6,16,White,72.0,3.0,1.0,1.0
1649,50,50,8,33,9,White,41.0,4.0,3.0,1.0
1650,50,50,38,3,9,White,29.0,4.0,3.0,1.0
1651,50,50,19,9,22,White,24.0,5.0,2.0,1.0
1652,50,50,18,21,11,Hispanic,46.0,2.0,2.0,2.0
1653,50,50,14,15,21,White,37.0,4.0,2.0,1.0
1654,50,50,8,15,27,White,49.0,3.0,3.0,1.0
1655,50,50,9,22,19,White,39.0,4.0,2.0,1.0
1656,50,50,13,25,12,White,50.0,5.0,3.0,1.0
1657,50,50,12,13,25,White,38.0,4.0,3.0,1.0
1658,50,50,14,17,19,White,42.0,4.0,3.0,1.0
1659,50,50,19,8,23,White,46.0,2.0,3.0,1.0
1660,50,50,15,19,16,Asian,20.0,3.0,2.0,1.0
1661,50,50,16,8,26,White,35.0,4.0,3.0,1.0
1662,50,50,9,5,36,White,27.0,4.0,2.0,1.0
1663,50,50,8,17,25,Hispanic,28.0,4.0,2.0,1.0
1664,50,50,11,21,18,Afr american,25.0,4.0,2.0,1.0
1665,50,50,0,0,50,White,38.0,3.0,3.0,1.0
1666,50,50,7,8,35,White,27.0,4.0,2.0,1.0
1667,50,50,13,18,19,Afr american,39.0,3.0,2.0,1.0
1668,50,50,11,21,18,White,49.0,4.0,3.0,1.0
1669,50,50,10,26,14,White,38.0,4.0,1.0,1.0
1670,50,50,14,2,34,Afr american,29.0,2.0,3.0,1.0
1671,50,50,22,14,14,Hispanic,42.0,5.0,1.0,1.0
1672,50,50,13,23,14,White,40.0,3.0,2.0,1.0
1673,50,50,10,16,24,White,35.0,4.0,2.0,1.0
1674,50,50,17,11,22,White,31.0,4.0,1.0,1.0
1675,50,50,13,21,16,White,48.0,3.0,3.0,1.0
1676,50,50,26,8,16,White,73.0,3.0,2.0,1.0
1677,50,50,13,25,12,Sth else,72.0,3.0,3.0,1.0
1679,50,50,16,16,18,White,33.0,4.0,2.0,1.0
1680,50,50,17,1,32,Afr american,35.0,3.0,3.0,1.0
1681,50,50,19,11,20,White,50.0,5.0,2.0,1.0
1682,50,50,7,21,22,White,28.0,4.0,2.0,1.0
1683,50,50,14,3,33,Hispanic,29.0,3.0,3.0,1.0
1684,50,50,17,13,20,White,33.0,4.0,2.0,1.0
1685,50,50,13,11,26,White,51.0,3.0,3.0,1.0
1686,50,50,20,19,11,White,58.0,5.0,3.0,1.0
1687,50,50,17,16,17,White,34.0,2.0,2.0,1.0
1688,50,50,16,10,24,White,46.0,4.0,3.0,1.0
1689,50,50,27,3,20,White,41.0,4.0,2.0,1.0
1690,50,50,21,10,19,Asian,21.0,3.0,2.0,1.0
1691,50,50,9,23,18,Afr american,36.0,3.0,3.0,1.0
1692,50,50,21,17,12,White,38.0,3.0,3.0,1.0
1693,50,50,6,31,13,Afr american,33.0,4.0,2.0,1.0
1694,50,50,28,3,19,White,46.0,4.0,3.0,1.0
1695,50,50,2,0,48,White,51.0,4.0,1.0,1.0
1696,50,50,11,16,23,White,30.0,4.0,2.0,1.0
1697,50,50,43,0,7,White,43.0,3.0,3.0,1.0
1698,50,50,33,7,10,Hispanic,24.0,3.0,1.0,1.0
1699,50,50,17,16,17,White,36.0,2.0,3.0,1.0
1700,50,50,18,1,31,Afr american,20.0,3.0,2.0,1.0
1701,50,50,33,11,6,White,48.0,5.0,1.0,1.0
1702,50,50,10,14,26,White,35.0,2.0,3.0,1.0
1703,50,50,12,18,20,Hispanic,38.0,4.0,2.0,1.0
1704,50,50,16,15,19,White,36.0,3.0,2.0,1.0
1705,50,50,21,16,13,White,24.0,3.0,1.0,1.0
1706,50,50,6,18,26,White,26.0,4.0,1.0,1.0
1707,50,50,16,17,17,White,36.0,3.0,3.0,1.0
1708,50,50,24,9,17,White,31.0,4.0,2.0,1.0
1709,50,50,17,20,13,White,32.0,4.0,2.0,1.0
1710,50,50,20,12,18,White,34.0,3.0,2.0,1.0
1711,50,50,22,10,18,White,25.0,2.0,2.0,1.0
1712,50,50,21,6,23,White,32.0,5.0,3.0,1.0
1713,50,50,19,19,12,White,33.0,3.0,2.0,1.0
1715,50,50,12,9,29,Hispanic,32.0,3.0,2.0,1.0
1716,50,50,8,23,19,Afr american,20.0,2.0,2.0,1.0
1717,50,50,14,16,20,White,30.0,2.0,1.0,1.0
1718,50,50,10,17,23,White,39.0,2.0,2.0,1.0
1719,50,50,19,14,17,White,37.0,5.0,3.0,1.0
1723,50,50,5,28,17,White,33.0,3.0,1.0,1.0
1724,50,50,12,26,12,White,66.0,3.0,2.0,1.0
1725,17,17,10,0,7,Prefer not to say,,,,
1726,50,50,14,21,15,Afr american,19.0,3.0,2.0,1.0
1727,50,50,6,26,18,White,43.0,3.0,1.0,1.0
1728,50,50,0,23,27,White,47.0,3.0,3.0,1.0
1729,50,50,15,22,13,White,38.0,5.0,2.0,1.0
1730,2,2,0,0,2,Prefer not to say,,,,
1731,50,50,18,14,18,White,59.0,4.0,3.0,1.0
1732,50,50,6,28,16,White,44.0,4.0,1.0,1.0
1734,50,50,11,24,15,White,41.0,4.0,1.0,1.0
1735,50,50,15,15,20,White,25.0,3.0,1.0,1.0
1736,50,50,14,19,17,White,64.0,3.0,2.0,1.0
1737,50,50,10,18,22,White,48.0,4.0,3.0,1.0
1738,50,50,12,22,16,Hispanic,28.0,3.0,2.0,1.0
1739,50,50,9,19,22,White,54.0,4.0,1.0,1.0
1740,50,50,17,19,14,White,49.0,4.0,2.0,1.0
1741,50,50,12,23,15,White,41.0,3.0,3.0,1.0
1742,50,50,5,30,15,Hispanic,59.0,6.0,2.0,1.0
1744,10,10,9,0,1,Prefer not to say,,,,
1745,50,50,25,9,16,White,45.0,4.0,3.0,1.0
1746,50,50,11,16,23,White,28.0,5.0,2.0,1.0
1747,50,50,32,5,13,Hispanic,50.0,2.0,3.0,1.0
1748,50,50,19,15,16,White,32.0,3.0,3.0,1.0
1749,50,50,10,28,12,White,66.0,3.0,2.0,1.0
1750,50,50,16,14,20,Afr american,29.0,3.0,2.0,1.0
1751,50,50,29,15,6,White,34.0,4.0,1.0,1.0
1752,50,50,9,28,13,Asian,30.0,4.0,3.0,1.0
1753,50,50,10,22,18,White,34.0,4.0,2.0,1.0
1754,50,50,9,18,23,White,53.0,3.0,2.0,1.0
1755,50,50,13,21,16,White,34.0,2.0,2.0,1.0
1756,50,50,19,16,15,White,59.0,5.0,1.0,1.0
1757,50,50,20,19,11,White,40.0,4.0,3.0,1.0
1758,50,50,17,24,9,White,56.0,5.0,3.0,1.0
1759,50,50,8,21,21,White,47.0,3.0,3.0,1.0
1760,50,50,22,12,16,White,28.0,3.0,1.0,1.0
1761,50,50,12,22,16,White,33.0,3.0,2.0,1.0
1762,2,2,0,0,2,Prefer not to say,,,,
1763,50,50,6,30,14,Hispanic,25.0,3.0,2.0,1.0
1764,50,50,17,17,16,White,34.0,3.0,3.0,1.0
1765,50,50,17,14,19,White,43.0,4.0,2.0,1.0
1766,50,50,10,19,21,White,22.0,4.0,2.0,1.0
1767,50,50,13,25,12,Hispanic,48.0,4.0,3.0,1.0
1768,50,50,11,26,13,Afr american,45.0,4.0,1.0,1.0
1769,50,50,6,23,21,Afr american,48.0,4.0,2.0,1.0
1770,50,50,7,18,25,Asian,24.0,4.0,2.0,1.0
1771,50,50,6,16,28,White,45.0,4.0,1.0,1.0
1774,50,50,10,13,27,White,35.0,4.0,1.0,1.0
1775,50,50,1,20,29,Asian,38.0,3.0,3.0,1.0
1776,50,50,8,30,12,White,26.0,4.0,2.0,1.0
1777,50,50,22,17,11,White,47.0,5.0,1.0,1.0
1778,50,50,34,1,15,White,48.0,5.0,3.0,1.0
1779,50,50,15,18,17,Asian,56.0,6.0,2.0,1.0
1780,50,50,26,16,8,Afr american,33.0,5.0,2.0,1.0
1781,50,50,21,14,15,White,20.0,2.0,1.0,1.0
1782,50,50,21,17,12,White,62.0,3.0,2.0,1.0
1783,50,50,14,18,18,White,31.0,4.0,2.0,1.0
1786,50,50,36,1,13,White,20.0,4.0,2.0,1.0
1787,50,50,18,5,27,White,65.0,4.0,3.0,1.0
1788,50,50,3,31,16,White,56.0,4.0,3.0,1.0
1789,50,50,13,18,19,White,34.0,5.0,3.0,1.0
1790,50,50,17,18,15,White,34.0,3.0,1.0,1.0
1791,50,50,14,28,8,White,34.0,4.0,1.0,1.0
1792,50,50,21,5,24,White,31.0,4.0,2.0,1.0
1793,50,50,7,24,19,White,42.0,3.0,3.0,1.0
1794,50,50,13,19,18,White,28.0,4.0,1.0,1.0
1796,50,50,17,20,13,Afr american,78.0,5.0,2.0,1.0
1797,50,50,16,17,17,White,28.0,2.0,3.0,1.0
1798,50,50,13,24,13,White,42.0,6.0,3.0,1.0
1799,50,50,20,18,12,White,46.0,4.0,1.0,1.0
1800,50,50,12,15,23,White,64.0,2.0,3.0,1.0
1801,50,50,16,15,19,White,30.0,4.0,1.0,1.0
1802,50,50,16,19,15,White,35.0,5.0,2.0,1.0
1803,17,17,2,11,4,Prefer not to say,,,,
1804,50,50,8,17,25,White,31.0,4.0,3.0,1.0
1805,50,50,18,18,14,White,37.0,4.0,1.0,1.0
1806,50,50,19,18,13,White,21.0,2.0,2.0,1.0
1807,50,50,9,24,17,White,31.0,3.0,3.0,1.0
1808,50,50,6,28,16,White,23.0,3.0,3.0,1.0
1809,50,50,16,18,16,White,29.0,4.0,2.0,1.0
1810,50,50,13,18,19,White,30.0,2.0,2.0,1.0
1811,50,50,15,14,21,White,29.0,5.0,2.0,1.0
1812,50,50,14,20,16,White,32.0,3.0,3.0,1.0
1813,50,50,13,23,14,Asian,28.0,4.0,2.0,1.0
1814,13,13,4,5,4,Prefer not to say,,,,
1815,50,50,10,19,21,Asian,25.0,4.0,2.0,1.0
1816,50,50,9,19,22,White,28.0,2.0,3.0,1.0
1818,50,50,18,17,15,White,22.0,4.0,2.0,1.0
1819,50,50,7,17,26,White,65.0,4.0,2.0,1.0
1821,50,50,14,15,21,White,52.0,4.0,1.0,1.0
1822,50,50,18,21,11,Afr american,35.0,4.0,2.0,1.0
1823,50,50,10,20,20,White,49.0,2.0,2.0,1.0
1824,50,50,13,19,18,White,31.0,4.0,3.0,1.0
1825,50,50,18,16,16,White,42.0,4.0,1.0,1.0
1826,50,50,16,20,14,White,42.0,3.0,1.0,1.0
1827,50,50,9,23,18,Afr american,20.0,2.0,2.0,1.0
1828,50,50,25,17,8,White,53.0,4.0,1.0,1.0
1829,50,50,22,13,15,White,20.0,3.0,2.0,1.0
1830,50,50,13,17,20,Hispanic,39.0,4.0,2.0,1.0
1831,50,50,15,22,13,White,30.0,2.0,3.0,1.0
1832,50,50,16,10,24,Asian,27.0,5.0,2.0,2.0
1833,50,50,16,25,9,Afr american,46.0,2.0,1.0,1.0
1834,1,1,0,1,0,Prefer not to say,,,,
1835,3,3,0,0,3,Prefer not to say,,,,
1836,50,50,17,24,9,White,42.0,2.0,2.0,1.0
1837,2,2,0,0,2,Prefer not to say,,,,
1838,50,50,17,13,20,White,34.0,4.0,2.0,1.0
1839,50,50,4,11,35,White,31.0,2.0,1.0,1.0
1840,50,50,19,13,18,White,34.0,2.0,1.0,1.0
1841,50,50,10,25,15,White,23.0,4.0,2.0,1.0
1842,50,50,12,12,26,White,34.0,4.0,2.0,1.0
1843,50,50,7,21,22,White,65.0,2.0,1.0,1.0
1844,50,50,11,17,22,White,23.0,2.0,2.0,1.0
1845,50,50,4,33,13,White,44.0,2.0,2.0,1.0
1846,50,50,19,13,18,Afr american,28.0,2.0,2.0,1.0
1847,50,50,27,1,22,Asian,42.0,4.0,2.0,1.0
1848,50,50,31,7,12,White,42.0,3.0,3.0,1.0
1849,50,50,26,23,1,White,36.0,5.0,3.0,1.0
1850,6,6,0,0,6,Prefer not to say,,,,
1851,50,50,27,4,19,Asian,33.0,5.0,3.0,1.0
1852,50,50,16,11,23,Asian,32.0,6.0,2.0,2.0
1853,50,50,21,19,10,White,39.0,3.0,3.0,1.0
1854,50,50,30,11,9,White,19.0,4.0,1.0,1.0
1855,50,50,30,14,6,Afr american,47.0,4.0,2.0,1.0
1856,50,50,18,14,18,White,28.0,4.0,3.0,1.0
1857,50,50,11,25,14,White,42.0,4.0,2.0,1.0
1859,50,50,8,6,36,White,57.0,4.0,1.0,2.0
1860,50,50,25,0,25,White,36.0,4.0,2.0,1.0
1861,50,50,40,0,10,Sth else,29.0,4.0,3.0,1.0
1862,50,50,10,19,21,White,26.0,4.0,1.0,1.0
1863,5,5,0,0,5,Prefer not to say,,,,
1864,50,50,12,19,19,Hispanic,35.0,4.0,2.0,1.0
1865,50,50,8,9,33,White,28.0,4.0,2.0,1.0
1866,50,50,15,19,16,Afr american,36.0,3.0,3.0,1.0
1867,50,50,7,20,23,White,22.0,4.0,3.0,1.0
1868,15,15,7,2,6,Prefer not to say,,,,
1869,2,2,0,0,2,Prefer not to say,,,,
1870,50,50,11,20,19,White,52.0,4.0,3.0,1.0
1871,50,50,14,22,14,Afr american,44.0,4.0,3.0,1.0
1872,50,50,17,16,17,Asian,34.0,3.0,3.0,1.0
1873,50,50,10,23,17,White,21.0,2.0,2.0,1.0
1874,50,50,12,21,17,White,24.0,2.0,1.0,1.0
1875,50,50,15,18,17,White,29.0,4.0,3.0,1.0
1876,50,50,7,13,30,White,32.0,5.0,3.0,1.0
1877,50,50,12,17,21,White,54.0,3.0,3.0,1.0
1878,50,50,14,15,21,White,43.0,4.0,2.0,1.0
1879,10,10,4,4,2,Prefer not to say,,,,
1880,50,50,17,15,18,White,26.0,4.0,2.0,1.0
1881,50,50,15,21,14,White,26.0,4.0,2.0,1.0
1882,50,50,11,18,21,White,44.0,4.0,1.0,1.0
1883,50,50,9,18,23,White,28.0,5.0,2.0,1.0
1884,50,50,19,14,17,White,51.0,5.0,2.0,1.0
1885,3,3,0,0,3,Prefer not to say,,,,
1886,50,50,14,20,16,White,31.0,4.0,2.0,1.0
1887,50,50,8,24,18,Afr american,22.0,4.0,2.0,1.0
1888,50,50,13,18,19,Sth else,37.0,3.0,3.0,1.0
1889,50,50,15,18,17,White,38.0,3.0,2.0,1.0
1890,50,50,28,4,18,White,22.0,3.0,1.0,1.0
1891,50,50,8,21,21,White,38.0,4.0,2.0,1.0
1892,50,50,15,16,19,White,46.0,4.0,2.0,1.0
1893,50,50,11,25,14,White,30.0,4.0,2.0,1.0
1894,50,50,23,16,11,White,31.0,4.0,2.0,1.0
1897,50,50,17,22,11,White,28.0,5.0,2.0,1.0
1898,50,50,27,10,13,White,24.0,4.0,2.0,1.0
1899,50,50,35,13,2,Afr american,25.0,5.0,2.0,1.0
1902,50,50,23,4,23,Asian,41.0,4.0,1.0,2.0
1903,50,50,0,0,50,Prefer not to say,,,,
1905,50,50,10,16,24,White,18.0,2.0,2.0,1.0
